local_id,source_name,name,category_name,page_url,internal_item_id,internal_wall_id,wall_ids,inventory_image_url,world_image_url,color_image_url,inventory_image_path,world_image_path,color_image_path,status,problem,grouped_page,excel_image_url,source_row,source_column,import_action,original_local_id
307,Dirt Wall,Dirt Wall,Soil Walls,https://terraria.wiki.gg/wiki/Dirt_Wall,30,16,"[{""wall_id"": 2, ""is_safe"": 0, ""internal_name"": ""DirtUnsafe"", ""name"": ""Dirt Wall"", ""page_url"": ""https://terraria.wiki.gg/wiki/Dirt_Wall_(natural)"", ""world_image_url"": ""https://terraria.wiki.gg/images/Dirt_Wall_%28natural%29_%28placed%29.png?format=original""}, {""wall_id"": 16, ""is_safe"": 1, ""internal_name"": ""Dirt"", ""name"": ""Dirt Wall"", ""page_url"": ""https://terraria.wiki.gg/wiki/Dirt_Wall"", ""world_image_url"": ""https://terraria.wiki.gg/images/Dirt_Wall_%28placed%29.png?format=original""}]",https://terraria.wiki.gg/images/Dirt_Wall.png?format=original,https://terraria.wiki.gg/images/Dirt_Wall_%28placed%29.png?format=original,https://terraria.wiki.gg/images/Dirt_Wall_%28placed%29.png?format=original,images/walls/inventory/307_dirt_wall_inventory.png,images/walls/world/307_dirt_wall_world.png,images/walls/color/307_dirt_wall_color.png,ok,,False,https://terraria.wiki.gg/images/4/4d/Dirt_Wall_%28placed%29.png?format=original,2,1,inserted,307
308,Blue Brick Wall,Blue Brick Wall,Dungeon Walls,https://terraria.wiki.gg/wiki/Dungeon_Brick_Walls#Brick_walls,135,17,"[{""wall_id"": 7, ""is_safe"": 0, ""internal_name"": ""BlueDungeonUnsafe"", ""name"": ""Blue Brick Wall"", ""page_url"": ""https://terraria.wiki.gg/wiki/Dungeon_Brick_Walls"", ""world_image_url"": ""https://terraria.wiki.gg/images/Blue_Brick_Wall_%28placed%29.png?format=original""}, {""wall_id"": 17, ""is_safe"": 1, ""internal_name"": ""BlueDungeon"", ""name"": ""Blue Brick Wall"", ""page_url"": ""https://terraria.wiki.gg/wiki/Dungeon_Brick_Walls"", ""world_image_url"": ""https://terraria.wiki.gg/images/Blue_Brick_Wall_%28placed%29.png?format=original""}]",https://terraria.wiki.gg/images/Blue_Brick_Wall.png?format=original,https://terraria.wiki.gg/images/Blue_Brick_Wall_%28placed%29.png?format=original,https://terraria.wiki.gg/images/Blue_Brick_Wall_%28placed%29.png?format=original,images/walls/inventory/308_blue_brick_wall_inventory.png,images/walls/world/308_blue_brick_wall_world.png,images/walls/color/308_blue_brick_wall_color.png,ok,,True,https://terraria.wiki.gg/images/c/c0/Blue_Brick_Wall_%28placed%29.png?format=original,2,5,inserted,308
309,Wood Wall,Wood Wall,Wood Walls,https://terraria.wiki.gg/wiki/Wood_Wall,93,4,"[{""wall_id"": 4, ""is_safe"": 1, ""internal_name"": ""Wood"", ""name"": ""Wood Wall"", ""page_url"": ""https://terraria.wiki.gg/wiki/Wood_Wall"", ""world_image_url"": ""https://terraria.wiki.gg/images/Wood_Wall_%28placed%29.png?format=original""}]",https://terraria.wiki.gg/images/Wood_Wall.png?format=original,https://terraria.wiki.gg/images/Wood_Wall_%28placed%29.png?format=original,https://terraria.wiki.gg/images/Wood_Wall_%28placed%29.png?format=original,images/walls/inventory/309_wood_wall_inventory.png,images/walls/world/309_wood_wall_world.png,images/walls/color/309_wood_wall_color.png,ok,,False,https://terraria.wiki.gg/images/3/3e/Wood_Wall_%28placed%29.png?format=original,2,9,inserted,309
310,Stone Wall,Stone Wall,Stone Walls,https://terraria.wiki.gg/wiki/Stone_Wall,26,1,"[{""wall_id"": 349, ""is_safe"": 0, ""internal_name"": ""StoneUnsafe"", ""name"": ""Stone Wall (unsafe)"", ""page_url"": ""https://terraria.wiki.gg/wiki/Stone_Wall"", ""world_image_url"": ""https://terraria.wiki.gg/images/Stone_Wall_%28placed%29.png?format=original""}, {""wall_id"": 1, ""is_safe"": 1, ""internal_name"": ""Stone"", ""name"": ""Stone Wall"", ""page_url"": ""https://terraria.wiki.gg/wiki/Stone_Wall"", ""world_image_url"": ""https://terraria.wiki.gg/images/Stone_Wall_%28placed%29.png?format=original""}]",https://terraria.wiki.gg/images/Stone_Wall.png?format=original,https://terraria.wiki.gg/images/Stone_Wall_%28placed%29.png?format=original,https://terraria.wiki.gg/images/Stone_Wall_%28placed%29.png?format=original,images/walls/inventory/310_stone_wall_inventory.png,images/walls/world/310_stone_wall_world.png,images/walls/color/310_stone_wall_color.png,ok,,False,https://terraria.wiki.gg/images/3/3b/Stone_Wall_%28placed%29.png?format=original,2,13,inserted,310
311,Stone Slab Wall,Stone Slab Wall,Brick Walls,https://terraria.wiki.gg/wiki/Stone_Slab_Wall,2433,147,"[{""wall_id"": 147, ""is_safe"": 1, ""internal_name"": ""StoneSlab"", ""name"": ""Stone Slab Wall"", ""page_url"": ""https://terraria.wiki.gg/wiki/Stone_Slab_Wall"", ""world_image_url"": ""https://terraria.wiki.gg/images/Stone_Slab_Wall_%28placed%29.png?format=original""}]",https://terraria.wiki.gg/images/Stone_Slab_Wall.png?format=original,https://terraria.wiki.gg/images/Stone_Slab_Wall_%28placed%29.png?format=original,https://terraria.wiki.gg/images/Stone_Slab_Wall_%28placed%29.png?format=original,images/walls/inventory/311_stone_slab_wall_inventory.png,images/walls/world/311_stone_slab_wall_world.png,images/walls/color/311_stone_slab_wall_color.png,ok,,False,https://terraria.wiki.gg/images/f/f9/Stone_Slab_Wall_%28placed%29.png?format=original,2,17,inserted,311
312,Amethyst Gemspark Wall,Amethyst Gemspark Wall,Gem Walls,https://terraria.wiki.gg/wiki/Gemspark_Walls,2679,154,"[{""wall_id"": 154, ""is_safe"": 1, ""internal_name"": ""AmethystGemspark"", ""name"": ""Amethyst Gemspark Wall"", ""page_url"": ""https://terraria.wiki.gg/wiki/Gemspark_Walls"", ""world_image_url"": ""https://terraria.wiki.gg/images/Amethyst_Gemspark_Wall_%28placed%29.png?format=original""}]",https://terraria.wiki.gg/images/Amethyst_Gemspark_Wall.png?format=original,https://terraria.wiki.gg/images/Amethyst_Gemspark_Wall_%28placed%29.png?format=original,https://terraria.wiki.gg/images/Amethyst_Gemspark_Wall_%28placed%29.png?format=original,images/walls/inventory/312_amethyst_gemspark_wall_inventory.png,images/walls/world/312_amethyst_gemspark_wall_world.png,images/walls/color/312_amethyst_gemspark_wall_color.png,ok,,True,https://terraria.wiki.gg/images/8/8a/Amethyst_Gemspark_Wall_%28placed%29.png?format=original,2,21,inserted,312
313,Glass Wall,Glass Wall,Decorative Walls,https://terraria.wiki.gg/wiki/Glass_Wall,392,21,"[{""wall_id"": 21, ""is_safe"": 1, ""internal_name"": ""Glass"", ""name"": ""Glass Wall"", ""page_url"": ""https://terraria.wiki.gg/wiki/Glass_Wall"", ""world_image_url"": ""https://terraria.wiki.gg/images/Glass_Wall_%28placed%29.png?format=original""}]",https://terraria.wiki.gg/images/Glass_Wall.png?format=original,https://terraria.wiki.gg/images/Glass_Wall_%28placed%29.png?format=original,https://terraria.wiki.gg/images/Glass_Wall_%28placed%29.png?format=original,images/walls/inventory/313_glass_wall_inventory.png,images/walls/world/313_glass_wall_world.png,images/walls/color/313_glass_wall_color.png,ok,,False,https://terraria.wiki.gg/images/7/73/Glass_Wall_%28placed%29.png?format=original,2,25,inserted,313
314,Copper Brick Wall,Copper Brick Wall,Metal Walls,https://terraria.wiki.gg/wiki/Copper_Brick_Wall,146,12,"[{""wall_id"": 12, ""is_safe"": 1, ""internal_name"": ""CopperBrick"", ""name"": ""Copper Brick Wall"", ""page_url"": ""https://terraria.wiki.gg/wiki/Copper_Brick_Wall"", ""world_image_url"": ""https://terraria.wiki.gg/images/Copper_Brick_Wall_%28placed%29.png?format=original""}]",https://terraria.wiki.gg/images/Copper_Brick_Wall.png?format=original,https://terraria.wiki.gg/images/Copper_Brick_Wall_%28placed%29.png?format=original,https://terraria.wiki.gg/images/Copper_Brick_Wall_%28placed%29.png?format=original,images/walls/inventory/314_copper_brick_wall_inventory.png,images/walls/world/314_copper_brick_wall_world.png,images/walls/color/314_copper_brick_wall_color.png,ok,,False,https://terraria.wiki.gg/images/9/99/Copper_Brick_Wall_%28placed%29.png?format=original,2,29,inserted,314
315,Christmas Tree Wallpaper,Christmas Tree Wallpaper,Wallpaper,https://terraria.wiki.gg/wiki/Wallpapers,1948,116,"[{""wall_id"": 116, ""is_safe"": 1, ""internal_name"": ""ChristmasTreeWallpaper"", ""name"": ""Christmas Tree Wallpaper"", ""page_url"": ""https://terraria.wiki.gg/wiki/Wallpapers"", ""world_image_url"": ""https://terraria.wiki.gg/images/Christmas_Tree_Wallpaper_%28placed%29.png?format=original""}]",https://terraria.wiki.gg/images/Christmas_Tree_Wallpaper.png?format=original,https://terraria.wiki.gg/images/Christmas_Tree_Wallpaper_%28placed%29.png?format=original,https://terraria.wiki.gg/images/Christmas_Tree_Wallpaper_%28placed%29.png?format=original,images/walls/inventory/315_christmas_tree_wallpaper_inventory.png,images/walls/world/315_christmas_tree_wallpaper_world.png,images/walls/color/315_christmas_tree_wallpaper_color.png,ok,,True,https://terraria.wiki.gg/images/8/84/Christmas_Tree_Wallpaper_%28placed%29.png?format=original,2,33,inserted,315
316,Natural Dirt Wall,Natural Dirt Wall,Unsafe Walls,https://terraria.wiki.gg/wiki/Dirt_Wall,5546,2,"[{""wall_id"": 2, ""is_safe"": 0, ""internal_name"": ""DirtUnsafe"", ""name"": ""Dirt Wall"", ""page_url"": ""https://terraria.wiki.gg/wiki/Dirt_Wall_(natural)"", ""world_image_url"": ""https://terraria.wiki.gg/images/Dirt_Wall_%28natural%29_%28placed%29.png?format=original""}]",https://terraria.wiki.gg/images/Natural_Dirt_Wall.png?format=original,https://terraria.wiki.gg/images/Dirt_Wall_%28natural%29_%28placed%29.png?format=original,https://terraria.wiki.gg/images/Dirt_Wall_%28natural%29_%28placed%29.png?format=original,images/walls/inventory/316_natural_dirt_wall_inventory.png,images/walls/world/316_natural_dirt_wall_world.png,images/walls/color/316_natural_dirt_wall_color.png,ok,,False,https://terraria.wiki.gg/images/4/4d/Dirt_Wall_%28placed%29.png?format=original,2,37,inserted,316
317,Rocky Dirt Wall,Rocky Dirt Wall,Soil Walls,https://terraria.wiki.gg/wiki/Cave_Walls,4501,261,"[{""wall_id"": 59, ""is_safe"": 0, ""internal_name"": ""Cave6Unsafe"", ""name"": ""Rocky Dirt Wall"", ""page_url"": ""https://terraria.wiki.gg/wiki/Rocky_Dirt_Wall"", ""world_image_url"": ""https://terraria.wiki.gg/images/Rocky_Dirt_Wall_%28placed%29.png?format=original""}, {""wall_id"": 261, ""is_safe"": 1, ""internal_name"": ""Cave6Echo"", ""name"": ""Rocky Dirt Wall"", ""page_url"": ""https://terraria.wiki.gg/wiki/Rocky_Dirt_Wall"", ""world_image_url"": ""https://terraria.wiki.gg/images/Rocky_Dirt_Wall_%28placed%29.png?format=original""}]",https://terraria.wiki.gg/images/Rocky_Dirt_Wall.png?format=original,https://terraria.wiki.gg/images/Rocky_Dirt_Wall_%28placed%29.png?format=original,https://terraria.wiki.gg/images/Rocky_Dirt_Wall_%28placed%29.png?format=original,images/walls/inventory/317_rocky_dirt_wall_inventory.png,images/walls/world/317_rocky_dirt_wall_world.png,images/walls/color/317_rocky_dirt_wall_color.png,ok,,True,https://terraria.wiki.gg/images/4/4b/Rocky_Dirt_Wall_%28placed%29.png?format=original,3,1,inserted,317
318,Blue Slab Wall,Blue Slab Wall,Dungeon Walls,https://terraria.wiki.gg/wiki/Dungeon_Brick_Walls#Slab_walls,1378,100,"[{""wall_id"": 94, ""is_safe"": 0, ""internal_name"": ""BlueDungeonSlabUnsafe"", ""name"": ""Blue Slab Wall"", ""page_url"": ""https://terraria.wiki.gg/wiki/Dungeon_Brick_Walls"", ""world_image_url"": ""https://terraria.wiki.gg/images/Blue_Slab_Wall_%28placed%29.png?format=original""}, {""wall_id"": 100, ""is_safe"": 1, ""internal_name"": ""BlueDungeonSlab"", ""name"": ""Blue Slab Wall"", ""page_url"": ""https://terraria.wiki.gg/wiki/Dungeon_Brick_Walls"", ""world_image_url"": ""https://terraria.wiki.gg/images/Blue_Slab_Wall_%28placed%29.png?format=original""}]",https://terraria.wiki.gg/images/Blue_Slab_Wall.png?format=original,https://terraria.wiki.gg/images/Blue_Slab_Wall_%28placed%29.png?format=original,https://terraria.wiki.gg/images/Blue_Slab_Wall_%28placed%29.png?format=original,images/walls/inventory/318_blue_slab_wall_inventory.png,images/walls/world/318_blue_slab_wall_world.png,images/walls/color/318_blue_slab_wall_color.png,ok,,True,https://terraria.wiki.gg/images/7/7f/Blue_Slab_Wall_%28placed%29.png?format=original,3,5,inserted,318
319,Rich Mahogany Wall,Rich Mahogany Wall,Wood Walls,https://terraria.wiki.gg/wiki/Rich_Mahogany_Wall,623,42,"[{""wall_id"": 42, ""is_safe"": 1, ""internal_name"": ""RichMaogany"", ""name"": ""Rich Mahogany Wall"", ""page_url"": ""https://terraria.wiki.gg/wiki/Rich_Mahogany_Wall"", ""world_image_url"": ""https://terraria.wiki.gg/images/Rich_Mahogany_Wall_%28placed%29.png?format=original""}]",https://terraria.wiki.gg/images/Rich_Mahogany_Wall.png?format=original,https://terraria.wiki.gg/images/Rich_Mahogany_Wall_%28placed%29.png?format=original,https://terraria.wiki.gg/images/Rich_Mahogany_Wall_%28placed%29.png?format=original,images/walls/inventory/319_rich_mahogany_wall_inventory.png,images/walls/world/319_rich_mahogany_wall_world.png,images/walls/color/319_rich_mahogany_wall_color.png,ok,,False,https://terraria.wiki.gg/images/6/61/Rich_Mahogany_Wall_%28placed%29.png?format=original,3,9,inserted,319
320,Old Stone Wall,Old Stone Wall,Stone Walls,https://terraria.wiki.gg/wiki/Cave_Walls,4502,262,"[{""wall_id"": 61, ""is_safe"": 0, ""internal_name"": ""Cave7Unsafe"", ""name"": ""Old Stone Wall"", ""page_url"": ""https://terraria.wiki.gg/wiki/Old_Stone_Wall"", ""world_image_url"": ""https://terraria.wiki.gg/images/Unique_Cave_Wall_7_%28placed%29.png?format=original""}, {""wall_id"": 262, ""is_safe"": 1, ""internal_name"": ""Cave7Echo"", ""name"": ""Old Stone Wall"", ""page_url"": ""https://terraria.wiki.gg/wiki/Old_Stone_Wall"", ""world_image_url"": ""https://terraria.wiki.gg/images/Old_Stone_Wall_%28placed%29.png?format=original""}]",https://terraria.wiki.gg/images/Old_Stone_Wall.png?format=original,https://terraria.wiki.gg/images/Old_Stone_Wall_%28placed%29.png?format=original,https://terraria.wiki.gg/images/Old_Stone_Wall_%28placed%29.png?format=original,images/walls/inventory/320_old_stone_wall_inventory.png,images/walls/world/320_old_stone_wall_world.png,images/walls/color/320_old_stone_wall_color.png,ok,,True,https://terraria.wiki.gg/images/1/1c/Old_Stone_Wall_%28placed%29.png?format=original,3,13,inserted,320
321,Red Brick Wall,Red Brick Wall,Brick Walls,https://terraria.wiki.gg/wiki/Red_Brick_Wall,132,6,"[{""wall_id"": 6, ""is_safe"": 1, ""internal_name"": ""RedBrick"", ""name"": ""Red Brick Wall"", ""page_url"": ""https://terraria.wiki.gg/wiki/Red_Brick_Wall"", ""world_image_url"": ""https://terraria.wiki.gg/images/Red_Brick_Wall_%28placed%29.png?format=original""}]",https://terraria.wiki.gg/images/Red_Brick_Wall.png?format=original,https://terraria.wiki.gg/images/Red_Brick_Wall_%28placed%29.png?format=original,https://terraria.wiki.gg/images/Red_Brick_Wall_%28placed%29.png?format=original,images/walls/inventory/321_red_brick_wall_inventory.png,images/walls/world/321_red_brick_wall_world.png,images/walls/color/321_red_brick_wall_color.png,ok,,False,https://terraria.wiki.gg/images/5/5b/Red_Brick_Wall_%28placed%29.png?format=original,3,17,inserted,321
322,Topaz Gemspark Wall,Topaz Gemspark Wall,Gem Walls,https://terraria.wiki.gg/wiki/Gemspark_Walls,2689,166,"[{""wall_id"": 166, ""is_safe"": 1, ""internal_name"": ""TopazGemspark"", ""name"": ""Topaz Gemspark Wall"", ""page_url"": ""https://terraria.wiki.gg/wiki/Gemspark_Walls"", ""world_image_url"": ""https://terraria.wiki.gg/images/Topaz_Gemspark_Wall_%28placed%29.png?format=original""}]",https://terraria.wiki.gg/images/Topaz_Gemspark_Wall.png?format=original,https://terraria.wiki.gg/images/Topaz_Gemspark_Wall_%28placed%29.png?format=original,https://terraria.wiki.gg/images/Topaz_Gemspark_Wall_%28placed%29.png?format=original,images/walls/inventory/322_topaz_gemspark_wall_inventory.png,images/walls/world/322_topaz_gemspark_wall_world.png,images/walls/color/322_topaz_gemspark_wall_color.png,ok,,True,https://terraria.wiki.gg/images/d/dd/Topaz_Gemspark_Wall_%28placed%29.png?format=original,3,21,inserted,322
323,Candy Cane Wall,Candy Cane Wall,Decorative Walls,https://terraria.wiki.gg/wiki/Candy_Cane_Walls,587,29,"[{""wall_id"": 29, ""is_safe"": 1, ""internal_name"": ""CandyCane"", ""name"": ""Candy Cane Wall"", ""page_url"": ""https://terraria.wiki.gg/wiki/Candy_Cane_Walls"", ""world_image_url"": ""https://terraria.wiki.gg/images/Candy_Cane_Wall_%28placed%29.png?format=original""}]",https://terraria.wiki.gg/images/Candy_Cane_Wall.png?format=original,https://terraria.wiki.gg/images/Candy_Cane_Wall_%28placed%29.png?format=original,https://terraria.wiki.gg/images/Candy_Cane_Wall_%28placed%29.png?format=original,images/walls/inventory/323_candy_cane_wall_inventory.png,images/walls/world/323_candy_cane_wall_world.png,images/walls/color/323_candy_cane_wall_color.png,ok,,True,https://terraria.wiki.gg/images/5/53/Candy_Cane_Wall_%28placed%29.png?format=original,3,25,inserted,323
324,Copper Plating Wall,Copper Plating Wall,Metal Walls,https://terraria.wiki.gg/wiki/Copper_Plating_Wall,2432,146,"[{""wall_id"": 146, ""is_safe"": 1, ""internal_name"": ""CopperPlating"", ""name"": ""Copper Plating Wall"", ""page_url"": ""https://terraria.wiki.gg/wiki/Copper_Plating_Wall"", ""world_image_url"": ""https://terraria.wiki.gg/images/Copper_Plating_Wall_%28placed%29.png?format=original""}]",https://terraria.wiki.gg/images/Copper_Plating_Wall.png?format=original,https://terraria.wiki.gg/images/Copper_Plating_Wall_%28placed%29.png?format=original,https://terraria.wiki.gg/images/Copper_Plating_Wall_%28placed%29.png?format=original,images/walls/inventory/324_copper_plating_wall_inventory.png,images/walls/world/324_copper_plating_wall_world.png,images/walls/color/324_copper_plating_wall_color.png,ok,,False,https://terraria.wiki.gg/images/0/0b/Copper_Plating_Wall_%28placed%29.png?format=original,3,29,inserted,324
325,Ornament Wallpaper,Ornament Wallpaper,Wallpaper,https://terraria.wiki.gg/wiki/Wallpapers,1949,117,"[{""wall_id"": 117, ""is_safe"": 1, ""internal_name"": ""OrnamentWallpaper"", ""name"": ""Ornament Wallpaper"", ""page_url"": ""https://terraria.wiki.gg/wiki/Wallpapers"", ""world_image_url"": ""https://terraria.wiki.gg/images/Ornament_Wallpaper_%28placed%29.png?format=original""}]",https://terraria.wiki.gg/images/Ornament_Wallpaper.png?format=original,https://terraria.wiki.gg/images/Ornament_Wallpaper_%28placed%29.png?format=original,https://terraria.wiki.gg/images/Ornament_Wallpaper_%28placed%29.png?format=original,images/walls/inventory/325_ornament_wallpaper_inventory.png,images/walls/world/325_ornament_wallpaper_world.png,images/walls/color/325_ornament_wallpaper_color.png,ok,,True,https://terraria.wiki.gg/images/8/85/Ornament_Wallpaper_%28placed%29.png?format=original,3,33,inserted,325
326,Overgrown Living Wood Wall,Overgrown Living Wood Wall,Unsafe Walls,https://terraria.wiki.gg/wiki/Living_Wood_Wall,5545,244,"[{""wall_id"": 244, ""is_safe"": 0, ""internal_name"": ""LivingWoodUnsafe"", ""name"": ""Living Wood Wall"", ""page_url"": ""https://terraria.wiki.gg/wiki/Living_Wood_Wall"", ""world_image_url"": ""https://terraria.wiki.gg/images/Living_Wood_Wall_%28placed%29.png?format=original""}]",https://terraria.wiki.gg/images/Overgrown_Living_Wood_Wall.png?format=original,https://terraria.wiki.gg/images/Living_Wood_Wall_%28placed%29.png?format=original,https://terraria.wiki.gg/images/Living_Wood_Wall_%28placed%29.png?format=original,images/walls/inventory/326_overgrown_living_wood_wall_inventory.png,images/walls/world/326_overgrown_living_wood_wall_world.png,images/walls/color/326_overgrown_living_wood_wall_color.png,ok,,False,https://terraria.wiki.gg/images/0/01/Living_Wood_Wall_%28placed%29.png?format=original,3,37,inserted,326
327,Cave Dirt Wall,Cave Dirt Wall,Soil Walls,https://terraria.wiki.gg/wiki/Cave_Walls,4510,270,"[{""wall_id"": 170, ""is_safe"": 0, ""internal_name"": ""CaveWall"", ""name"": ""Cave Dirt Wall"", ""page_url"": ""https://terraria.wiki.gg/wiki/Cave_Dirt_Wall"", ""world_image_url"": ""https://terraria.wiki.gg/images/Cave_Dirt_Wall_%28placed%29.png?format=original""}, {""wall_id"": 270, ""is_safe"": 1, ""internal_name"": ""CaveWall1Echo"", ""name"": ""Cave Dirt Wall"", ""page_url"": ""https://terraria.wiki.gg/wiki/Cave_Dirt_Wall"", ""world_image_url"": ""https://terraria.wiki.gg/images/Cave_Dirt_Wall_%28placed%29.png?format=original""}]",https://terraria.wiki.gg/images/Cave_Dirt_Wall.png?format=original,https://terraria.wiki.gg/images/Cave_Dirt_Wall_%28placed%29.png?format=original,https://terraria.wiki.gg/images/Cave_Dirt_Wall_%28placed%29.png?format=original,images/walls/inventory/327_cave_dirt_wall_inventory.png,images/walls/world/327_cave_dirt_wall_world.png,images/walls/color/327_cave_dirt_wall_color.png,ok,,True,https://terraria.wiki.gg/images/4/40/Cave_Dirt_Wall_%28placed%29.png?format=original,4,1,inserted,327
328,Blue Tiled Wall,Blue Tiled Wall,Dungeon Walls,https://terraria.wiki.gg/wiki/Dungeon_Brick_Walls#Tiled_walls,1379,101,"[{""wall_id"": 95, ""is_safe"": 0, ""internal_name"": ""BlueDungeonTileUnsafe"", ""name"": ""Blue Tiled Wall"", ""page_url"": ""https://terraria.wiki.gg/wiki/Dungeon_Brick_Walls"", ""world_image_url"": ""https://terraria.wiki.gg/images/Blue_Tiled_Wall_%28placed%29.png?format=original""}, {""wall_id"": 101, ""is_safe"": 1, ""internal_name"": ""BlueDungeonTile"", ""name"": ""Blue Tiled Wall"", ""page_url"": ""https://terraria.wiki.gg/wiki/Dungeon_Brick_Walls"", ""world_image_url"": ""https://terraria.wiki.gg/images/Blue_Tiled_Wall_%28placed%29.png?format=original""}]",https://terraria.wiki.gg/images/Blue_Tiled_Wall.png?format=original,https://terraria.wiki.gg/images/Blue_Tiled_Wall_%28placed%29.png?format=original,https://terraria.wiki.gg/images/Blue_Tiled_Wall_%28placed%29.png?format=original,images/walls/inventory/328_blue_tiled_wall_inventory.png,images/walls/world/328_blue_tiled_wall_world.png,images/walls/color/328_blue_tiled_wall_color.png,ok,,True,https://terraria.wiki.gg/images/9/9f/Blue_Tiled_Wall_%28placed%29.png?format=original,4,5,inserted,328
329,Boreal Wood Wall,Boreal Wood Wall,Wood Walls,https://terraria.wiki.gg/wiki/Boreal_Wood_Wall,2505,149,"[{""wall_id"": 149, ""is_safe"": 1, ""internal_name"": ""BorealWood"", ""name"": ""Boreal Wood Wall"", ""page_url"": ""https://terraria.wiki.gg/wiki/Boreal_Wood_Wall"", ""world_image_url"": ""https://terraria.wiki.gg/images/Boreal_Wood_Wall_%28placed%29.png?format=original""}]",https://terraria.wiki.gg/images/Boreal_Wood_Wall.png?format=original,https://terraria.wiki.gg/images/Boreal_Wood_Wall_%28placed%29.png?format=original,https://terraria.wiki.gg/images/Boreal_Wood_Wall_%28placed%29.png?format=original,images/walls/inventory/329_boreal_wood_wall_inventory.png,images/walls/world/329_boreal_wood_wall_world.png,images/walls/color/329_boreal_wood_wall_color.png,ok,,False,https://terraria.wiki.gg/images/0/06/Boreal_Wood_Wall_%28placed%29.png?format=original,4,9,inserted,329
330,Craggy Stone Wall,Craggy Stone Wall,Stone Walls,https://terraria.wiki.gg/wiki/Cave_Walls,4512,274,"[{""wall_id"": 185, ""is_safe"": 0, ""internal_name"": ""Cave8Unsafe"", ""name"": ""Craggy Stone Wall"", ""page_url"": ""https://terraria.wiki.gg/wiki/Craggy_Stone_Wall"", ""world_image_url"": ""https://terraria.wiki.gg/images/Craggy_Stone_Wall_%28placed%29.png?format=original""}, {""wall_id"": 274, ""is_safe"": 1, ""internal_name"": ""Cave8Echo"", ""name"": ""Craggy Stone Wall"", ""page_url"": ""https://terraria.wiki.gg/wiki/Craggy_Stone_Wall"", ""world_image_url"": ""https://terraria.wiki.gg/images/Craggy_Stone_Wall_%28placed%29.png?format=original""}]",https://terraria.wiki.gg/images/Craggy_Stone_Wall.png?format=original,https://terraria.wiki.gg/images/Craggy_Stone_Wall_%28placed%29.png?format=original,https://terraria.wiki.gg/images/Craggy_Stone_Wall_%28placed%29.png?format=original,images/walls/inventory/330_craggy_stone_wall_inventory.png,images/walls/world/330_craggy_stone_wall_world.png,images/walls/color/330_craggy_stone_wall_color.png,ok,,True,https://terraria.wiki.gg/images/c/c3/Craggy_Stone_Wall_%28placed%29.png?format=original,4,13,inserted,330
331,Gray Brick Wall,Gray Brick Wall,Brick Walls,https://terraria.wiki.gg/wiki/Gray_Brick_Wall,130,5,"[{""wall_id"": 5, ""is_safe"": 1, ""internal_name"": ""GrayBrick"", ""name"": ""Gray Brick Wall"", ""page_url"": ""https://terraria.wiki.gg/wiki/Gray_Brick_Wall"", ""world_image_url"": ""https://terraria.wiki.gg/images/Gray_Brick_Wall_%28placed%29.png?format=original""}]",https://terraria.wiki.gg/images/Gray_Brick_Wall.png?format=original,https://terraria.wiki.gg/images/Gray_Brick_Wall_%28placed%29.png?format=original,https://terraria.wiki.gg/images/Gray_Brick_Wall_%28placed%29.png?format=original,images/walls/inventory/331_gray_brick_wall_inventory.png,images/walls/world/331_gray_brick_wall_world.png,images/walls/color/331_gray_brick_wall_color.png,ok,,False,https://terraria.wiki.gg/images/3/38/Gray_Brick_Wall_%28placed%29.png?format=original,4,17,inserted,331
332,Sapphire Gemspark Wall,Sapphire Gemspark Wall,Gem Walls,https://terraria.wiki.gg/wiki/Gemspark_Walls,2687,165,"[{""wall_id"": 165, ""is_safe"": 1, ""internal_name"": ""SapphireGemspark"", ""name"": ""Sapphire Gemspark Wall"", ""page_url"": ""https://terraria.wiki.gg/wiki/Gemspark_Walls"", ""world_image_url"": ""https://terraria.wiki.gg/images/Sapphire_Gemspark_Wall_%28placed%29.png?format=original""}]",https://terraria.wiki.gg/images/Sapphire_Gemspark_Wall.png?format=original,https://terraria.wiki.gg/images/Sapphire_Gemspark_Wall_%28placed%29.png?format=original,https://terraria.wiki.gg/images/Sapphire_Gemspark_Wall_%28placed%29.png?format=original,images/walls/inventory/332_sapphire_gemspark_wall_inventory.png,images/walls/world/332_sapphire_gemspark_wall_world.png,images/walls/color/332_sapphire_gemspark_wall_color.png,ok,,True,https://terraria.wiki.gg/images/c/c9/Sapphire_Gemspark_Wall_%28placed%29.png?format=original,4,21,inserted,332
333,Green Candy Cane Wall,Green Candy Cane Wall,Decorative Walls,https://terraria.wiki.gg/wiki/Candy_Cane_Walls,592,30,"[{""wall_id"": 30, ""is_safe"": 1, ""internal_name"": ""GreenCandyCane"", ""name"": ""Green Candy Cane Wall"", ""page_url"": ""https://terraria.wiki.gg/wiki/Candy_Cane_Walls"", ""world_image_url"": ""https://terraria.wiki.gg/images/Green_Candy_Cane_Wall_%28placed%29.png?format=original""}]",https://terraria.wiki.gg/images/Green_Candy_Cane_Wall.png?format=original,https://terraria.wiki.gg/images/Green_Candy_Cane_Wall_%28placed%29.png?format=original,https://terraria.wiki.gg/images/Green_Candy_Cane_Wall_%28placed%29.png?format=original,images/walls/inventory/333_green_candy_cane_wall_inventory.png,images/walls/world/333_green_candy_cane_wall_world.png,images/walls/color/333_green_candy_cane_wall_color.png,ok,,True,https://terraria.wiki.gg/images/9/9c/Green_Candy_Cane_Wall_%28placed%29.png?format=original,4,25,inserted,333
334,Tin Brick Wall,Tin Brick Wall,Metal Walls,https://terraria.wiki.gg/wiki/Tin_Brick_Wall,720,45,"[{""wall_id"": 45, ""is_safe"": 1, ""internal_name"": ""TinBrick"", ""name"": ""Tin Brick Wall"", ""page_url"": ""https://terraria.wiki.gg/wiki/Tin_Brick_Wall"", ""world_image_url"": ""https://terraria.wiki.gg/images/Tin_Brick_Wall_%28placed%29.png?format=original""}]",https://terraria.wiki.gg/images/Tin_Brick_Wall.png?format=original,https://terraria.wiki.gg/images/Tin_Brick_Wall_%28placed%29.png?format=original,https://terraria.wiki.gg/images/Tin_Brick_Wall_%28placed%29.png?format=original,images/walls/inventory/334_tin_brick_wall_inventory.png,images/walls/world/334_tin_brick_wall_world.png,images/walls/color/334_tin_brick_wall_color.png,ok,,False,https://terraria.wiki.gg/images/7/7e/Tin_Brick_Wall_%28placed%29.png?format=original,4,29,inserted,334
335,Candy Cane Wallpaper,Candy Cane Wallpaper,Wallpaper,https://terraria.wiki.gg/wiki/Wallpapers,1950,118,"[{""wall_id"": 118, ""is_safe"": 1, ""internal_name"": ""CandyCaneWallpaper"", ""name"": ""Candy Cane Wallpaper"", ""page_url"": ""https://terraria.wiki.gg/wiki/Wallpapers"", ""world_image_url"": ""https://terraria.wiki.gg/images/Candy_Cane_Wallpaper_%28placed%29.png?format=original""}]",https://terraria.wiki.gg/images/Candy_Cane_Wallpaper.png?format=original,https://terraria.wiki.gg/images/Candy_Cane_Wallpaper_%28placed%29.png?format=original,https://terraria.wiki.gg/images/Candy_Cane_Wallpaper_%28placed%29.png?format=original,images/walls/inventory/335_candy_cane_wallpaper_inventory.png,images/walls/world/335_candy_cane_wallpaper_world.png,images/walls/color/335_candy_cane_wallpaper_color.png,ok,,True,https://terraria.wiki.gg/images/e/e8/Candy_Cane_Wallpaper_%28placed%29.png?format=original,4,33,inserted,335
336,Treacherous Hardened Sand Wall,Treacherous Hardened Sand Wall,Unsafe Walls,https://terraria.wiki.gg/wiki/Hardened_Sand_Walls,5375,216,"[{""wall_id"": 216, ""is_safe"": 0, ""internal_name"": ""HardenedSand"", ""name"": ""Hardened Sand Wall"", ""page_url"": ""https://terraria.wiki.gg/wiki/Hardened_Sand_Walls"", ""world_image_url"": ""https://terraria.wiki.gg/images/Hardened_Sand_Wall_%28placed%29.png?format=original""}]",https://terraria.wiki.gg/images/Treacherous_Hardened_Sand_Wall.png?format=original,https://terraria.wiki.gg/images/Hardened_Sand_Wall_%28placed%29.png?format=original,https://terraria.wiki.gg/images/Hardened_Sand_Wall_%28placed%29.png?format=original,images/walls/inventory/336_treacherous_hardened_sand_wall_inventory.png,images/walls/world/336_treacherous_hardened_sand_wall_world.png,images/walls/color/336_treacherous_hardened_sand_wall_color.png,ok,,True,https://terraria.wiki.gg/images/f/fc/Hardened_Sand_Wall_%28placed%29.png?format=original,4,37,inserted,336
337,Rough Dirt Wall,Rough Dirt Wall,Soil Walls,https://terraria.wiki.gg/wiki/Cave_Walls,4511,271,"[{""wall_id"": 171, ""is_safe"": 0, ""internal_name"": ""CaveWall2"", ""name"": ""Rough Dirt Wall"", ""page_url"": ""https://terraria.wiki.gg/wiki/Rough_Dirt_Wall"", ""world_image_url"": ""https://terraria.wiki.gg/images/Rough_Dirt_Wall_%28placed%29.png?format=original""}, {""wall_id"": 271, ""is_safe"": 1, ""internal_name"": ""CaveWall2Echo"", ""name"": ""Rough Dirt Wall"", ""page_url"": ""https://terraria.wiki.gg/wiki/Rough_Dirt_Wall"", ""world_image_url"": ""https://terraria.wiki.gg/images/Rough_Dirt_Wall_%28placed%29.png?format=original""}]",https://terraria.wiki.gg/images/Rough_Dirt_Wall.png?format=original,https://terraria.wiki.gg/images/Rough_Dirt_Wall_%28placed%29.png?format=original,https://terraria.wiki.gg/images/Rough_Dirt_Wall_%28placed%29.png?format=original,images/walls/inventory/337_rough_dirt_wall_inventory.png,images/walls/world/337_rough_dirt_wall_world.png,images/walls/color/337_rough_dirt_wall_color.png,ok,,True,https://terraria.wiki.gg/images/5/54/Rough_Dirt_Wall_%28placed%29.png?format=original,5,1,inserted,337
338,Pink Brick Wall,Pink Brick Wall,Dungeon Walls,https://terraria.wiki.gg/wiki/Dungeon_Brick_Walls,140,19,"[{""wall_id"": 9, ""is_safe"": 0, ""internal_name"": ""PinkDungeonUnsafe"", ""name"": ""Pink Brick Wall"", ""page_url"": ""https://terraria.wiki.gg/wiki/Dungeon_Brick_Walls"", ""world_image_url"": ""https://terraria.wiki.gg/images/Pink_Brick_Wall_%28placed%29.png?format=original""}, {""wall_id"": 19, ""is_safe"": 1, ""internal_name"": ""PinkDungeon"", ""name"": ""Pink Brick Wall"", ""page_url"": ""https://terraria.wiki.gg/wiki/Dungeon_Brick_Walls"", ""world_image_url"": ""https://terraria.wiki.gg/images/Pink_Brick_Wall_%28placed%29.png?format=original""}]",https://terraria.wiki.gg/images/Pink_Brick_Wall.png?format=original,https://terraria.wiki.gg/images/Pink_Brick_Wall_%28placed%29.png?format=original,https://terraria.wiki.gg/images/Pink_Brick_Wall_%28placed%29.png?format=original,images/walls/inventory/338_pink_brick_wall_inventory.png,images/walls/world/338_pink_brick_wall_world.png,images/walls/color/338_pink_brick_wall_color.png,ok,,True,https://terraria.wiki.gg/images/3/3d/Pink_Brick_Wall_%28placed%29.png?format=original,5,5,inserted,338
339,Bamboo Wall,Bamboo Wall,Wood Walls,https://terraria.wiki.gg/wiki/Bamboo_Wall,4565,312,"[{""wall_id"": 312, ""is_safe"": 1, ""internal_name"": ""BambooBlockWall"", ""name"": ""Bamboo Wall"", ""page_url"": ""https://terraria.wiki.gg/wiki/Bamboo_Wall"", ""world_image_url"": ""https://terraria.wiki.gg/images/Bamboo_Wall_%28placed%29.png?format=original""}]",https://terraria.wiki.gg/images/Bamboo_Wall.png?format=original,https://terraria.wiki.gg/images/Bamboo_Wall_%28placed%29.png?format=original,https://terraria.wiki.gg/images/Bamboo_Wall_%28placed%29.png?format=original,images/walls/inventory/339_bamboo_wall_inventory.png,images/walls/world/339_bamboo_wall_world.png,images/walls/color/339_bamboo_wall_color.png,ok,,False,https://terraria.wiki.gg/images/e/e4/Bamboo_Wall_%28placed%29.png?format=original,5,9,inserted,339
340,Lichen Stone Wall,Lichen Stone Wall,Stone Walls,https://terraria.wiki.gg/wiki/Jungle_Walls_(natural),4529,292,"[{""wall_id"": 204, ""is_safe"": 0, ""internal_name"": ""JungleUnsafe1"", ""name"": ""Lichen Stone Wall"", ""page_url"": ""https://terraria.wiki.gg/wiki/Lichen_Stone_Wall"", ""world_image_url"": ""https://terraria.wiki.gg/images/Lichen_Stone_Wall_%28placed%29.png?format=original""}, {""wall_id"": 292, ""is_safe"": 1, ""internal_name"": ""Jungle1Echo"", ""name"": ""Lichen Stone Wall"", ""page_url"": ""https://terraria.wiki.gg/wiki/Lichen_Stone_Wall"", ""world_image_url"": ""https://terraria.wiki.gg/images/Lichen_Stone_Wall_%28placed%29.png?format=original""}]",https://terraria.wiki.gg/images/Lichen_Stone_Wall.png?format=original,https://terraria.wiki.gg/images/Lichen_Stone_Wall_%28placed%29.png?format=original,https://terraria.wiki.gg/images/Lichen_Stone_Wall_%28placed%29.png?format=original,images/walls/inventory/340_lichen_stone_wall_inventory.png,images/walls/world/340_lichen_stone_wall_world.png,images/walls/color/340_lichen_stone_wall_color.png,ok,,True,https://terraria.wiki.gg/images/2/2e/Lichen_Stone_Wall_%28placed%29.png?format=original,5,13,inserted,340
341,Snow Brick Wall,Snow Brick Wall,Brick Walls,https://terraria.wiki.gg/wiki/Snow_Brick_Wall,595,31,"[{""wall_id"": 31, ""is_safe"": 1, ""internal_name"": ""SnowBrick"", ""name"": ""Snow Brick Wall"", ""page_url"": ""https://terraria.wiki.gg/wiki/Snow_Brick_Wall"", ""world_image_url"": ""https://terraria.wiki.gg/images/Snow_Brick_Wall_%28placed%29.png?format=original""}]",https://terraria.wiki.gg/images/Snow_Brick_Wall.png?format=original,https://terraria.wiki.gg/images/Snow_Brick_Wall_%28placed%29.png?format=original,https://terraria.wiki.gg/images/Snow_Brick_Wall_%28placed%29.png?format=original,images/walls/inventory/341_snow_brick_wall_inventory.png,images/walls/world/341_snow_brick_wall_world.png,images/walls/color/341_snow_brick_wall_color.png,ok,,False,https://terraria.wiki.gg/images/b/b7/Snow_Brick_Wall_%28placed%29.png?format=original,5,17,inserted,341
342,Emerald Gemspark Wall,Emerald Gemspark Wall,Gem Walls,https://terraria.wiki.gg/wiki/Gemspark_Walls,2683,156,"[{""wall_id"": 156, ""is_safe"": 1, ""internal_name"": ""EmeraldGemspark"", ""name"": ""Emerald Gemspark Wall"", ""page_url"": ""https://terraria.wiki.gg/wiki/Gemspark_Walls"", ""world_image_url"": ""https://terraria.wiki.gg/images/Emerald_Gemspark_Wall_%28placed%29.png?format=original""}]",https://terraria.wiki.gg/images/Emerald_Gemspark_Wall.png?format=original,https://terraria.wiki.gg/images/Emerald_Gemspark_Wall_%28placed%29.png?format=original,https://terraria.wiki.gg/images/Emerald_Gemspark_Wall_%28placed%29.png?format=original,images/walls/inventory/342_emerald_gemspark_wall_inventory.png,images/walls/world/342_emerald_gemspark_wall_world.png,images/walls/color/342_emerald_gemspark_wall_color.png,ok,,True,https://terraria.wiki.gg/images/d/d3/Emerald_Gemspark_Wall_%28placed%29.png?format=original,5,21,inserted,342
343,Pine Tree Wall,Pine Tree Wall,Decorative Walls,https://terraria.wiki.gg/wiki/Pine_Tree_Wall,5919,353,"[{""wall_id"": 353, ""is_safe"": 1, ""internal_name"": ""PineTreeBlockWall"", ""name"": ""Pine Tree Wall"", ""page_url"": ""https://terraria.wiki.gg/wiki/Pine_Tree_Wall"", ""world_image_url"": ""https://terraria.wiki.gg/images/Pine_Tree_Wall_%28placed%29.png?format=original""}]",https://terraria.wiki.gg/images/Pine_Tree_Wall.png?format=original,https://terraria.wiki.gg/images/Pine_Tree_Wall_%28placed%29.png?format=original,https://terraria.wiki.gg/images/Pine_Tree_Wall_%28placed%29.png?format=original,images/walls/inventory/343_pine_tree_wall_inventory.png,images/walls/world/343_pine_tree_wall_world.png,images/walls/color/343_pine_tree_wall_color.png,ok,,False,https://terraria.wiki.gg/images/Pine_Tree_Wall_%28placed%29.png?c0e726?format=original,5,25,inserted,343
344,Tin Plating Fence,Tin Plating Wall,Metal Walls,https://terraria.wiki.gg/wiki/Tin_Plating_Wall,2691,167,"[{""wall_id"": 167, ""is_safe"": 1, ""internal_name"": ""TinPlating"", ""name"": ""Tin Plating Wall"", ""page_url"": ""https://terraria.wiki.gg/wiki/Tin_Plating_Wall"", ""world_image_url"": ""https://terraria.wiki.gg/images/Tin_Plating_Wall_%28placed%29.png?format=original""}]",https://terraria.wiki.gg/images/Tin_Plating_Wall.png?format=original,https://terraria.wiki.gg/images/Tin_Plating_Wall_%28placed%29.png?format=original,https://terraria.wiki.gg/images/Tin_Plating_Wall_%28placed%29.png?format=original,images/walls/inventory/344_tin_plating_wall_inventory.png,images/walls/world/344_tin_plating_wall_world.png,images/walls/color/344_tin_plating_wall_color.png,review,source_name_alias: Tin Plating Fence -> Tin Plating Wall,False,https://terraria.wiki.gg/images/1/17/Tin_Plating_Wall_%28placed%29.png?format=original,5,29,inserted,344
345,Festive Wallpaper,Festive Wallpaper,Wallpaper,https://terraria.wiki.gg/wiki/Wallpapers,1951,119,"[{""wall_id"": 119, ""is_safe"": 1, ""internal_name"": ""FestiveWallpaper"", ""name"": ""Festive Wallpaper"", ""page_url"": ""https://terraria.wiki.gg/wiki/Wallpapers"", ""world_image_url"": ""https://terraria.wiki.gg/images/Festive_Wallpaper_%28placed%29.png?format=original""}]",https://terraria.wiki.gg/images/Festive_Wallpaper.png?format=original,https://terraria.wiki.gg/images/Festive_Wallpaper_%28placed%29.png?format=original,https://terraria.wiki.gg/images/Festive_Wallpaper_%28placed%29.png?format=original,images/walls/inventory/345_festive_wallpaper_inventory.png,images/walls/world/345_festive_wallpaper_world.png,images/walls/color/345_festive_wallpaper_color.png,ok,,True,https://terraria.wiki.gg/images/2/23/Festive_Wallpaper_%28placed%29.png?format=original,5,33,inserted,345
516,Treacherous Sandstone Wall,Sandstone Wall,Soil Walls,https://terraria.wiki.gg/wiki/Sandstone_Walls,3273,275,"[{""wall_id"": 187, ""is_safe"": 0, ""internal_name"": ""Sandstone"", ""name"": ""Sandstone Wall"", ""page_url"": ""https://terraria.wiki.gg/wiki/Sandstone_Walls"", ""world_image_url"": ""https://terraria.wiki.gg/images/Sandstone_Wall_%28placed%29.png?format=original""}]",https://terraria.wiki.gg/images/Sandstone_Wall.png?format=original,https://terraria.wiki.gg/images/Sandstone_Wall_%28placed%29.png?format=original,https://terraria.wiki.gg/images/Sandstone_Wall_%28placed%29.png?format=original,images/walls/inventory/516_sandstone_wall_inventory.png,images/walls/world/516_sandstone_wall_world.png,images/walls/color/516_sandstone_wall_color.png,ok,,True,https://terraria.wiki.gg/images/9/9a/Sandstone_Wall_%28placed%29.png?format=original,5,37,merged,346
346,Layered Dirt Wall,Layered Dirt Wall,Soil Walls,https://terraria.wiki.gg/wiki/Dirt_Walls_(natural),4521,284,"[{""wall_id"": 196, ""is_safe"": 0, ""internal_name"": ""DirtUnsafe1"", ""name"": ""Layered Dirt Wall"", ""page_url"": ""https://terraria.wiki.gg/wiki/Layered_Dirt_Wall"", ""world_image_url"": ""https://terraria.wiki.gg/images/Layered_Dirt_Wall_%28placed%29.png?format=original""}, {""wall_id"": 284, ""is_safe"": 1, ""internal_name"": ""Dirt1Echo"", ""name"": ""Layered Dirt Wall"", ""page_url"": ""https://terraria.wiki.gg/wiki/Layered_Dirt_Wall"", ""world_image_url"": ""https://terraria.wiki.gg/images/Layered_Dirt_Wall_%28placed%29.png?format=original""}]",https://terraria.wiki.gg/images/Layered_Dirt_Wall.png?format=original,https://terraria.wiki.gg/images/Layered_Dirt_Wall_%28placed%29.png?format=original,https://terraria.wiki.gg/images/Layered_Dirt_Wall_%28placed%29.png?format=original,images/walls/inventory/346_layered_dirt_wall_inventory.png,images/walls/world/346_layered_dirt_wall_world.png,images/walls/color/346_layered_dirt_wall_color.png,ok,,True,https://terraria.wiki.gg/images/a/aa/Layered_Dirt_Wall_%28placed%29.png?format=original,6,1,inserted,347
347,Pink Slab Wall,Pink Slab Wall,Dungeon Walls,https://terraria.wiki.gg/wiki/Dungeon_Brick_Walls,1380,102,"[{""wall_id"": 96, ""is_safe"": 0, ""internal_name"": ""PinkDungeonSlabUnsafe"", ""name"": ""Pink Slab Wall"", ""page_url"": ""https://terraria.wiki.gg/wiki/Dungeon_Brick_Walls"", ""world_image_url"": ""https://terraria.wiki.gg/images/Pink_Slab_Wall_%28placed%29.png?format=original""}, {""wall_id"": 102, ""is_safe"": 1, ""internal_name"": ""PinkDungeonSlab"", ""name"": ""Pink Slab Wall"", ""page_url"": ""https://terraria.wiki.gg/wiki/Dungeon_Brick_Walls"", ""world_image_url"": ""https://terraria.wiki.gg/images/Pink_Slab_Wall_%28placed%29.png?format=original""}]",https://terraria.wiki.gg/images/Pink_Slab_Wall.png?format=original,https://terraria.wiki.gg/images/Pink_Slab_Wall_%28placed%29.png?format=original,https://terraria.wiki.gg/images/Pink_Slab_Wall_%28placed%29.png?format=original,images/walls/inventory/347_pink_slab_wall_inventory.png,images/walls/world/347_pink_slab_wall_world.png,images/walls/color/347_pink_slab_wall_color.png,ok,,True,https://terraria.wiki.gg/images/4/40/Pink_Slab_Wall_%28placed%29.png?format=original,6,5,inserted,348
348,Large Bamboo Wall,Large Bamboo Wall,Wood Walls,https://terraria.wiki.gg/wiki/Large_Bamboo_Wall,4548,313,"[{""wall_id"": 313, ""is_safe"": 1, ""internal_name"": ""LargeBambooBlockWall"", ""name"": ""Large Bamboo Wall"", ""page_url"": ""https://terraria.wiki.gg/wiki/Large_Bamboo_Wall"", ""world_image_url"": ""https://terraria.wiki.gg/images/Large_Bamboo_Wall_%28placed%29.png?format=original""}]",https://terraria.wiki.gg/images/Large_Bamboo_Wall.png?format=original,https://terraria.wiki.gg/images/Large_Bamboo_Wall_%28placed%29.png?format=original,https://terraria.wiki.gg/images/Large_Bamboo_Wall_%28placed%29.png?format=original,images/walls/inventory/348_large_bamboo_wall_inventory.png,images/walls/world/348_large_bamboo_wall_world.png,images/walls/color/348_large_bamboo_wall_color.png,ok,,False,https://terraria.wiki.gg/images/d/dd/Large_Bamboo_Wall_%28placed%29.png?format=original,6,9,inserted,349
349,Ivy Stone Wall,Ivy Stone Wall,Stone Walls,https://terraria.wiki.gg/wiki/Jungle_Walls_(natural),4531,294,"[{""wall_id"": 206, ""is_safe"": 0, ""internal_name"": ""JungleUnsafe3"", ""name"": ""Ivy Stone Wall"", ""page_url"": ""https://terraria.wiki.gg/wiki/Ivy_Stone_Wall"", ""world_image_url"": ""https://terraria.wiki.gg/images/Ivy_Stone_Wall_%28placed%29.png?format=original""}, {""wall_id"": 294, ""is_safe"": 1, ""internal_name"": ""Jungle3Echo"", ""name"": ""Ivy Stone Wall"", ""page_url"": ""https://terraria.wiki.gg/wiki/Ivy_Stone_Wall"", ""world_image_url"": ""https://terraria.wiki.gg/images/Ivy_Stone_Wall_%28placed%29.png?format=original""}]",https://terraria.wiki.gg/images/Ivy_Stone_Wall.png?format=original,https://terraria.wiki.gg/images/Ivy_Stone_Wall_%28placed%29.png?format=original,https://terraria.wiki.gg/images/Ivy_Stone_Wall_%28placed%29.png?format=original,images/walls/inventory/349_ivy_stone_wall_inventory.png,images/walls/world/349_ivy_stone_wall_world.png,images/walls/color/349_ivy_stone_wall_color.png,ok,,True,https://terraria.wiki.gg/images/e/eb/Ivy_Stone_Wall_%28placed%29.png?format=original,6,13,inserted,350
350,Ice Brick Wall,Ice Brick Wall,Brick Walls,https://terraria.wiki.gg/wiki/Ice_Brick_Wall,884,84,"[{""wall_id"": 84, ""is_safe"": 1, ""internal_name"": ""IceBrick"", ""name"": ""Ice Brick Wall"", ""page_url"": ""https://terraria.wiki.gg/wiki/Ice_Brick_Wall"", ""world_image_url"": ""https://terraria.wiki.gg/images/Ice_Brick_Wall_%28placed%29.png?format=original""}]",https://terraria.wiki.gg/images/Ice_Brick_Wall.png?format=original,https://terraria.wiki.gg/images/Ice_Brick_Wall_%28placed%29.png?format=original,https://terraria.wiki.gg/images/Ice_Brick_Wall_%28placed%29.png?format=original,images/walls/inventory/350_ice_brick_wall_inventory.png,images/walls/world/350_ice_brick_wall_world.png,images/walls/color/350_ice_brick_wall_color.png,ok,,False,https://terraria.wiki.gg/images/5/57/Ice_Brick_Wall_%28placed%29.png?format=original,6,17,inserted,351
351,Ruby Gemspark Wall,Ruby Gemspark Wall,Gem Walls,https://terraria.wiki.gg/wiki/Gemspark_Walls,2685,164,"[{""wall_id"": 164, ""is_safe"": 1, ""internal_name"": ""RubyGemspark"", ""name"": ""Ruby Gemspark Wall"", ""page_url"": ""https://terraria.wiki.gg/wiki/Gemspark_Walls"", ""world_image_url"": ""https://terraria.wiki.gg/images/Ruby_Gemspark_Wall_%28placed%29.png?format=original""}]",https://terraria.wiki.gg/images/Ruby_Gemspark_Wall.png?format=original,https://terraria.wiki.gg/images/Ruby_Gemspark_Wall_%28placed%29.png?format=original,https://terraria.wiki.gg/images/Ruby_Gemspark_Wall_%28placed%29.png?format=original,images/walls/inventory/351_ruby_gemspark_wall_inventory.png,images/walls/world/351_ruby_gemspark_wall_world.png,images/walls/color/351_ruby_gemspark_wall_color.png,ok,,True,https://terraria.wiki.gg/images/4/4e/Ruby_Gemspark_Wall_%28placed%29.png?format=original,6,21,inserted,352
352,Gray Stucco Wall,Gray Stucco Wall,Decorative Walls,https://terraria.wiki.gg/wiki/Stucco_Walls,618,39,"[{""wall_id"": 39, ""is_safe"": 1, ""internal_name"": ""Gray"", ""name"": ""Gray Stucco Wall"", ""page_url"": ""https://terraria.wiki.gg/wiki/Stucco_Walls"", ""world_image_url"": ""https://terraria.wiki.gg/images/Gray_Stucco_Wall_%28placed%29.png?format=original""}]",https://terraria.wiki.gg/images/Gray_Stucco_Wall.png?format=original,https://terraria.wiki.gg/images/Gray_Stucco_Wall_%28placed%29.png?format=original,https://terraria.wiki.gg/images/Gray_Stucco_Wall_%28placed%29.png?format=original,images/walls/inventory/352_gray_stucco_wall_inventory.png,images/walls/world/352_gray_stucco_wall_world.png,images/walls/color/352_gray_stucco_wall_color.png,ok,,True,https://terraria.wiki.gg/images/5/54/Gray_Stucco_Wall_%28placed%29.png?format=original,6,25,inserted,353
353,Iron Brick Wall,Iron Brick Wall,Metal Walls,https://terraria.wiki.gg/wiki/Iron_Brick_Wall,3952,231,"[{""wall_id"": 231, ""is_safe"": 1, ""internal_name"": ""IronBrick"", ""name"": ""Iron Brick Wall"", ""page_url"": ""https://terraria.wiki.gg/wiki/Iron_Brick_Wall"", ""world_image_url"": ""https://terraria.wiki.gg/images/Iron_Brick_Wall_%28placed%29.png?format=original""}]",https://terraria.wiki.gg/images/Iron_Brick_Wall.png?format=original,https://terraria.wiki.gg/images/Iron_Brick_Wall_%28placed%29.png?format=original,https://terraria.wiki.gg/images/Iron_Brick_Wall_%28placed%29.png?format=original,images/walls/inventory/353_iron_brick_wall_inventory.png,images/walls/world/353_iron_brick_wall_world.png,images/walls/color/353_iron_brick_wall_color.png,ok,,False,https://terraria.wiki.gg/images/6/61/Iron_Brick_Wall_%28placed%29.png?format=original,6,29,inserted,354
354,Stars Wallpaper,Stars Wallpaper,Wallpaper,https://terraria.wiki.gg/wiki/Wallpapers,1952,120,"[{""wall_id"": 120, ""is_safe"": 1, ""internal_name"": ""StarsWallpaper"", ""name"": ""Stars Wallpaper"", ""page_url"": ""https://terraria.wiki.gg/wiki/Wallpapers"", ""world_image_url"": ""https://terraria.wiki.gg/images/Stars_Wallpaper_%28placed%29.png?format=original""}]",https://terraria.wiki.gg/images/Stars_Wallpaper.png?format=original,https://terraria.wiki.gg/images/Stars_Wallpaper_%28placed%29.png?format=original,https://terraria.wiki.gg/images/Stars_Wallpaper_%28placed%29.png?format=original,images/walls/inventory/354_stars_wallpaper_inventory.png,images/walls/world/354_stars_wallpaper_world.png,images/walls/color/354_stars_wallpaper_color.png,ok,,True,https://terraria.wiki.gg/images/b/b5/Stars_Wallpaper_%28placed%29.png?format=original,6,33,inserted,355
388,Infested Spider Wall,Spider Wall,Decorative Walls,https://terraria.wiki.gg/wiki/Spider_Wall,4503,263,"[{""wall_id"": 62, ""is_safe"": 0, ""internal_name"": ""SpiderUnsafe"", ""name"": ""Spider Wall"", ""page_url"": ""https://terraria.wiki.gg/wiki/Spider_Wall"", ""world_image_url"": ""https://terraria.wiki.gg/images/Spider_Wall_%28placed%29.png?format=original""}]",https://terraria.wiki.gg/images/Spider_Wall.png?format=original,https://terraria.wiki.gg/images/Spider_Wall_%28placed%29.png?format=original,https://terraria.wiki.gg/images/Spider_Wall_%28placed%29.png?format=original,images/walls/inventory/388_spider_wall_inventory.png,images/walls/world/388_spider_wall_world.png,images/walls/color/388_spider_wall_color.png,ok,,False,https://terraria.wiki.gg/images/7/71/Spider_Wall_%28placed%29.png?format=original,6,37,merged,356
355,Crumbling Dirt Wall,Crumbling Dirt Wall,Soil Walls,https://terraria.wiki.gg/wiki/Dirt_Walls_(natural),4522,285,"[{""wall_id"": 197, ""is_safe"": 0, ""internal_name"": ""DirtUnsafe2"", ""name"": ""Crumbling Dirt Wall"", ""page_url"": ""https://terraria.wiki.gg/wiki/Crumbling_Dirt_Wall"", ""world_image_url"": ""https://terraria.wiki.gg/images/Crumbling_Dirt_Wall_%28placed%29.png?format=original""}, {""wall_id"": 285, ""is_safe"": 1, ""internal_name"": ""Dirt2Echo"", ""name"": ""Crumbling Dirt Wall"", ""page_url"": ""https://terraria.wiki.gg/wiki/Crumbling_Dirt_Wall"", ""world_image_url"": ""https://terraria.wiki.gg/images/Crumbling_Dirt_Wall_%28placed%29.png?format=original""}]",https://terraria.wiki.gg/images/Crumbling_Dirt_Wall.png?format=original,https://terraria.wiki.gg/images/Crumbling_Dirt_Wall_%28placed%29.png?format=original,https://terraria.wiki.gg/images/Crumbling_Dirt_Wall_%28placed%29.png?format=original,images/walls/inventory/355_crumbling_dirt_wall_inventory.png,images/walls/world/355_crumbling_dirt_wall_world.png,images/walls/color/355_crumbling_dirt_wall_color.png,ok,,True,https://terraria.wiki.gg/images/a/a9/Crumbling_Dirt_Wall_%28placed%29.png?format=original,7,1,inserted,357
356,Pink Tiled Wall,Pink Tiled Wall,Dungeon Walls,https://terraria.wiki.gg/wiki/Dungeon_Brick_Walls,1381,103,"[{""wall_id"": 97, ""is_safe"": 0, ""internal_name"": ""PinkDungeonTileUnsafe"", ""name"": ""Pink Tiled Wall"", ""page_url"": ""https://terraria.wiki.gg/wiki/Dungeon_Brick_Walls"", ""world_image_url"": ""https://terraria.wiki.gg/images/Pink_Tiled_Wall_%28placed%29.png?format=original""}, {""wall_id"": 103, ""is_safe"": 1, ""internal_name"": ""PinkDungeonTile"", ""name"": ""Pink Tiled Wall"", ""page_url"": ""https://terraria.wiki.gg/wiki/Dungeon_Brick_Walls"", ""world_image_url"": ""https://terraria.wiki.gg/images/Pink_Tiled_Wall_%28placed%29.png?format=original""}]",https://terraria.wiki.gg/images/Pink_Tiled_Wall.png?format=original,https://terraria.wiki.gg/images/Pink_Tiled_Wall_%28placed%29.png?format=original,https://terraria.wiki.gg/images/Pink_Tiled_Wall_%28placed%29.png?format=original,images/walls/inventory/356_pink_tiled_wall_inventory.png,images/walls/world/356_pink_tiled_wall_world.png,images/walls/color/356_pink_tiled_wall_color.png,ok,,True,https://terraria.wiki.gg/images/5/57/Pink_Tiled_Wall_%28placed%29.png?format=original,7,5,inserted,358
357,Palm Wood Wall,Palm Wood Wall,Wood Walls,https://terraria.wiki.gg/wiki/Palm_Wood_Wall,2506,151,"[{""wall_id"": 151, ""is_safe"": 1, ""internal_name"": ""PalmWood"", ""name"": ""Palm Wood Wall"", ""page_url"": ""https://terraria.wiki.gg/wiki/Palm_Wood_Wall"", ""world_image_url"": ""https://terraria.wiki.gg/images/Palm_Wood_Wall_%28placed%29.png?format=original""}]",https://terraria.wiki.gg/images/Palm_Wood_Wall.png?format=original,https://terraria.wiki.gg/images/Palm_Wood_Wall_%28placed%29.png?format=original,https://terraria.wiki.gg/images/Palm_Wood_Wall_%28placed%29.png?format=original,images/walls/inventory/357_palm_wood_wall_inventory.png,images/walls/world/357_palm_wood_wall_world.png,images/walls/color/357_palm_wood_wall_color.png,ok,,False,https://terraria.wiki.gg/images/c/c8/Palm_Wood_Wall_%28placed%29.png?format=original,7,9,inserted,359
358,Worn Stone Wall,Worn Stone Wall,Stone Walls,https://terraria.wiki.gg/wiki/Cave_Walls,4537,300,"[{""wall_id"": 212, ""is_safe"": 0, ""internal_name"": ""RocksUnsafe1"", ""name"": ""Worn Stone Wall"", ""page_url"": ""https://terraria.wiki.gg/wiki/Worn_Stone_Wall"", ""world_image_url"": ""https://terraria.wiki.gg/images/Worn_Stone_Wall_%28placed%29.png?format=original""}, {""wall_id"": 300, ""is_safe"": 1, ""internal_name"": ""Rocks1Echo"", ""name"": ""Worn Stone Wall"", ""page_url"": ""https://terraria.wiki.gg/wiki/Worn_Stone_Wall"", ""world_image_url"": ""https://terraria.wiki.gg/images/Worn_Stone_Wall_%28placed%29.png?format=original""}]",https://terraria.wiki.gg/images/Worn_Stone_Wall.png?format=original,https://terraria.wiki.gg/images/Worn_Stone_Wall_%28placed%29.png?format=original,https://terraria.wiki.gg/images/Worn_Stone_Wall_%28placed%29.png?format=original,images/walls/inventory/358_worn_stone_wall_inventory.png,images/walls/world/358_worn_stone_wall_world.png,images/walls/color/358_worn_stone_wall_color.png,ok,,True,https://terraria.wiki.gg/images/0/0e/Worn_Stone_Wall_%28placed%29.png?format=original,7,13,inserted,360
359,Rainbow Brick Wall,Rainbow Brick Wall,Brick Walls,https://terraria.wiki.gg/wiki/Rainbow_Brick_Wall,663,44,"[{""wall_id"": 44, ""is_safe"": 1, ""internal_name"": ""RainbowBrick"", ""name"": ""Rainbow Brick Wall"", ""page_url"": ""https://terraria.wiki.gg/wiki/Rainbow_Brick_Wall"", ""world_image_url"": ""https://terraria.wiki.gg/images/Rainbow_Brick_Wall_%28placed%29.gif?format=original""}]",https://terraria.wiki.gg/images/Rainbow_Brick_Wall.gif?format=original,https://terraria.wiki.gg/images/Rainbow_Brick_Wall_%28placed%29.gif?format=original,https://terraria.wiki.gg/images/Rainbow_Brick_Wall_%28placed%29.gif?format=original,images/walls/inventory/359_rainbow_brick_wall_inventory.gif,images/walls/world/359_rainbow_brick_wall_world.gif,images/walls/color/359_rainbow_brick_wall_color.gif,ok,,False,https://terraria.wiki.gg/images/5/5b/Rainbow_Brick_Wall_%28placed%29.gif?format=original,7,17,inserted,361
360,Diamond Gemspark Wall,Diamond Gemspark Wall,Gem Walls,https://terraria.wiki.gg/wiki/Gemspark_Walls,2681,155,"[{""wall_id"": 155, ""is_safe"": 1, ""internal_name"": ""DiamondGemspark"", ""name"": ""Diamond Gemspark Wall"", ""page_url"": ""https://terraria.wiki.gg/wiki/Gemspark_Walls"", ""world_image_url"": ""https://terraria.wiki.gg/images/Diamond_Gemspark_Wall_%28placed%29.png?format=original""}]",https://terraria.wiki.gg/images/Diamond_Gemspark_Wall.png?format=original,https://terraria.wiki.gg/images/Diamond_Gemspark_Wall_%28placed%29.png?format=original,https://terraria.wiki.gg/images/Diamond_Gemspark_Wall_%28placed%29.png?format=original,images/walls/inventory/360_diamond_gemspark_wall_inventory.png,images/walls/world/360_diamond_gemspark_wall_world.png,images/walls/color/360_diamond_gemspark_wall_color.png,ok,,True,https://terraria.wiki.gg/images/c/c1/Diamond_Gemspark_Wall_%28placed%29.png?format=original,7,21,inserted,362
361,Red Stucco Wall,Red Stucco Wall,Decorative Walls,https://terraria.wiki.gg/wiki/Stucco_Walls,615,36,"[{""wall_id"": 36, ""is_safe"": 1, ""internal_name"": ""RedStucco"", ""name"": ""Red Stucco Wall"", ""page_url"": ""https://terraria.wiki.gg/wiki/Stucco_Walls"", ""world_image_url"": ""https://terraria.wiki.gg/images/Red_Stucco_Wall_%28placed%29.png?format=original""}]",https://terraria.wiki.gg/images/Red_Stucco_Wall.png?format=original,https://terraria.wiki.gg/images/Red_Stucco_Wall_%28placed%29.png?format=original,https://terraria.wiki.gg/images/Red_Stucco_Wall_%28placed%29.png?format=original,images/walls/inventory/361_red_stucco_wall_inventory.png,images/walls/world/361_red_stucco_wall_world.png,images/walls/color/361_red_stucco_wall_color.png,ok,,True,https://terraria.wiki.gg/images/b/be/Red_Stucco_Wall_%28placed%29.png?format=original,7,25,inserted,363
362,Iron Fence,Iron Fence,Metal Walls,https://terraria.wiki.gg/wiki/Fences,2333,145,"[{""wall_id"": 145, ""is_safe"": 1, ""internal_name"": ""IronFence"", ""name"": ""Iron Fence"", ""page_url"": ""https://terraria.wiki.gg/wiki/Fences"", ""world_image_url"": ""https://terraria.wiki.gg/images/Iron_Fence_%28placed%29.png?format=original""}]",https://terraria.wiki.gg/images/Iron_Fence.png?format=original,https://terraria.wiki.gg/images/Iron_Fence_%28placed%29.png?format=original,https://terraria.wiki.gg/images/Iron_Fence_%28placed%29.png?format=original,images/walls/inventory/362_iron_fence_inventory.png,images/walls/world/362_iron_fence_world.png,images/walls/color/362_iron_fence_color.png,ok,,True,https://terraria.wiki.gg/images/1/11/Iron_Fence_%28placed%29.png?format=original,7,29,inserted,364
363,Squiggles Wallpaper,Squiggles Wallpaper,Wallpaper,https://terraria.wiki.gg/wiki/Wallpapers,1953,121,"[{""wall_id"": 121, ""is_safe"": 1, ""internal_name"": ""SquigglesWallpaper"", ""name"": ""Squiggles Wallpaper"", ""page_url"": ""https://terraria.wiki.gg/wiki/Wallpapers"", ""world_image_url"": ""https://terraria.wiki.gg/images/Squiggles_Wallpaper_%28placed%29.png?format=original""}]",https://terraria.wiki.gg/images/Squiggles_Wallpaper.png?format=original,https://terraria.wiki.gg/images/Squiggles_Wallpaper_%28placed%29.png?format=original,https://terraria.wiki.gg/images/Squiggles_Wallpaper_%28placed%29.png?format=original,images/walls/inventory/363_squiggles_wallpaper_inventory.png,images/walls/world/363_squiggles_wallpaper_world.png,images/walls/color/363_squiggles_wallpaper_color.png,ok,,True,https://terraria.wiki.gg/images/0/0e/Squiggles_Wallpaper_%28placed%29.png?format=original,7,33,inserted,365
308,Cursed Blue Brick Wall,Blue Brick Wall,Dungeon Walls,https://terraria.wiki.gg/wiki/Dungeon_Brick_Walls#Brick_walls,135,17,"[{""wall_id"": 7, ""is_safe"": 0, ""internal_name"": ""BlueDungeonUnsafe"", ""name"": ""Blue Brick Wall"", ""page_url"": ""https://terraria.wiki.gg/wiki/Dungeon_Brick_Walls"", ""world_image_url"": ""https://terraria.wiki.gg/images/Blue_Brick_Wall_%28placed%29.png?format=original""}]",https://terraria.wiki.gg/images/Blue_Brick_Wall.png?format=original,https://terraria.wiki.gg/images/Blue_Brick_Wall_%28placed%29.png?format=original,https://terraria.wiki.gg/images/Blue_Brick_Wall_%28placed%29.png?format=original,images/walls/inventory/308_blue_brick_wall_inventory.png,images/walls/world/308_blue_brick_wall_world.png,images/walls/color/308_blue_brick_wall_color.png,ok,,True,https://terraria.wiki.gg/images/c/c0/Blue_Brick_Wall_%28placed%29.png?format=original,7,37,merged,366
364,Cracked Dirt Wall,Cracked Dirt Wall,Soil Walls,https://terraria.wiki.gg/wiki/Dirt_Walls_(natural),4523,286,"[{""wall_id"": 198, ""is_safe"": 0, ""internal_name"": ""DirtUnsafe3"", ""name"": ""Cracked Dirt Wall"", ""page_url"": ""https://terraria.wiki.gg/wiki/Cracked_Dirt_Wall"", ""world_image_url"": ""https://terraria.wiki.gg/images/Cracked_Dirt_Wall_%28placed%29.png?format=original""}, {""wall_id"": 286, ""is_safe"": 1, ""internal_name"": ""Dirt3Echo"", ""name"": ""Cracked Dirt Wall"", ""page_url"": ""https://terraria.wiki.gg/wiki/Cracked_Dirt_Wall"", ""world_image_url"": ""https://terraria.wiki.gg/images/Cracked_Dirt_Wall_%28placed%29.png?format=original""}]",https://terraria.wiki.gg/images/Cracked_Dirt_Wall.png?format=original,https://terraria.wiki.gg/images/Cracked_Dirt_Wall_%28placed%29.png?format=original,https://terraria.wiki.gg/images/Cracked_Dirt_Wall_%28placed%29.png?format=original,images/walls/inventory/364_cracked_dirt_wall_inventory.png,images/walls/world/364_cracked_dirt_wall_world.png,images/walls/color/364_cracked_dirt_wall_color.png,ok,,True,https://terraria.wiki.gg/images/8/88/Cracked_Dirt_Wall_%28placed%29.png?format=original,8,1,inserted,367
365,Green Brick Wall,Green Brick Wall,Dungeon Walls,https://terraria.wiki.gg/wiki/Dungeon_Brick_Walls,138,18,"[{""wall_id"": 8, ""is_safe"": 0, ""internal_name"": ""GreenDungeonUnsafe"", ""name"": ""Green Brick Wall"", ""page_url"": ""https://terraria.wiki.gg/wiki/Dungeon_Brick_Walls"", ""world_image_url"": ""https://terraria.wiki.gg/images/Green_Brick_Wall_%28placed%29.png?format=original""}, {""wall_id"": 18, ""is_safe"": 1, ""internal_name"": ""GreenDungeon"", ""name"": ""Green Brick Wall"", ""page_url"": ""https://terraria.wiki.gg/wiki/Dungeon_Brick_Walls"", ""world_image_url"": ""https://terraria.wiki.gg/images/Green_Brick_Wall_%28placed%29.png?format=original""}]",https://terraria.wiki.gg/images/Green_Brick_Wall.png?format=original,https://terraria.wiki.gg/images/Green_Brick_Wall_%28placed%29.png?format=original,https://terraria.wiki.gg/images/Green_Brick_Wall_%28placed%29.png?format=original,images/walls/inventory/365_green_brick_wall_inventory.png,images/walls/world/365_green_brick_wall_world.png,images/walls/color/365_green_brick_wall_color.png,ok,,True,https://terraria.wiki.gg/images/b/bd/Green_Brick_Wall_%28placed%29.png?format=original,8,5,inserted,368
366,Ash Wood Wall,Ash Wood Wall,Wood Walls,https://terraria.wiki.gg/wiki/Ash_Wood_Wall,5216,316,"[{""wall_id"": 316, ""is_safe"": 1, ""internal_name"": ""AshWood"", ""name"": ""Ash Wood Wall"", ""page_url"": ""https://terraria.wiki.gg/wiki/Ash_Wood_Wall"", ""world_image_url"": ""https://terraria.wiki.gg/images/Ash_Wood_Wall_%28placed%29.png?format=original""}]",https://terraria.wiki.gg/images/Ash_Wood_Wall.png?format=original,https://terraria.wiki.gg/images/Ash_Wood_Wall_%28placed%29.png?format=original,https://terraria.wiki.gg/images/Ash_Wood_Wall_%28placed%29.png?format=original,images/walls/inventory/366_ash_wood_wall_inventory.png,images/walls/world/366_ash_wood_wall_world.png,images/walls/color/366_ash_wood_wall_color.png,ok,,False,https://terraria.wiki.gg/images/2/23/Ash_Wood_Wall_%28placed%29.png?format=original,8,9,inserted,369
367,Stalactite Stone Wall,Stalactite Stone Wall,Stone Walls,https://terraria.wiki.gg/wiki/Cave_Walls,4538,301,"[{""wall_id"": 213, ""is_safe"": 0, ""internal_name"": ""RocksUnsafe2"", ""name"": ""Stalactite Stone Wall"", ""page_url"": ""https://terraria.wiki.gg/wiki/Stalactite_Stone_Wall"", ""world_image_url"": ""https://terraria.wiki.gg/images/Stalactite_Stone_Wall_%28placed%29.png?format=original""}, {""wall_id"": 301, ""is_safe"": 1, ""internal_name"": ""Rocks2Echo"", ""name"": ""Stalactite Stone Wall"", ""page_url"": ""https://terraria.wiki.gg/wiki/Stalactite_Stone_Wall"", ""world_image_url"": ""https://terraria.wiki.gg/images/Stalactite_Stone_Wall_%28placed%29.png?format=original""}]",https://terraria.wiki.gg/images/Stalactite_Stone_Wall.png?format=original,https://terraria.wiki.gg/images/Stalactite_Stone_Wall_%28placed%29.png?format=original,https://terraria.wiki.gg/images/Stalactite_Stone_Wall_%28placed%29.png?format=original,images/walls/inventory/367_stalactite_stone_wall_inventory.png,images/walls/world/367_stalactite_stone_wall_world.png,images/walls/color/367_stalactite_stone_wall_color.png,ok,,True,https://terraria.wiki.gg/images/2/2d/Stalactite_Stone_Wall_%28placed%29.png?format=original,8,13,inserted,370
368,Sandstone Brick Wall,Sandstone Brick Wall,Brick Walls,https://terraria.wiki.gg/wiki/Sandstone_Brick_Wall,608,34,"[{""wall_id"": 34, ""is_safe"": 1, ""internal_name"": ""SandstoneBrick"", ""name"": ""Sandstone Brick Wall"", ""page_url"": ""https://terraria.wiki.gg/wiki/Sandstone_Brick_Wall"", ""world_image_url"": ""https://terraria.wiki.gg/images/Sandstone_Brick_Wall_%28placed%29.png?format=original""}]",https://terraria.wiki.gg/images/Sandstone_Brick_Wall.png?format=original,https://terraria.wiki.gg/images/Sandstone_Brick_Wall_%28placed%29.png?format=original,https://terraria.wiki.gg/images/Sandstone_Brick_Wall_%28placed%29.png?format=original,images/walls/inventory/368_sandstone_brick_wall_inventory.png,images/walls/world/368_sandstone_brick_wall_world.png,images/walls/color/368_sandstone_brick_wall_color.png,ok,,False,https://terraria.wiki.gg/images/d/db/Sandstone_Brick_Wall_%28placed%29.png?format=original,8,17,inserted,371
369,Amber Gemspark Wall,Amber Gemspark Wall,Gem Walls,https://terraria.wiki.gg/wiki/Gemspark_Walls,2677,153,"[{""wall_id"": 153, ""is_safe"": 1, ""internal_name"": ""AmberGemspark"", ""name"": ""Amber Gemspark Wall"", ""page_url"": ""https://terraria.wiki.gg/wiki/Gemspark_Walls"", ""world_image_url"": ""https://terraria.wiki.gg/images/Amber_Gemspark_Wall_%28placed%29.png?format=original""}]",https://terraria.wiki.gg/images/Amber_Gemspark_Wall.png?format=original,https://terraria.wiki.gg/images/Amber_Gemspark_Wall_%28placed%29.png?format=original,https://terraria.wiki.gg/images/Amber_Gemspark_Wall_%28placed%29.png?format=original,images/walls/inventory/369_amber_gemspark_wall_inventory.png,images/walls/world/369_amber_gemspark_wall_world.png,images/walls/color/369_amber_gemspark_wall_color.png,ok,,True,https://terraria.wiki.gg/images/4/48/Amber_Gemspark_Wall_%28placed%29.png?format=original,8,21,inserted,372
370,Yellow Stucco Wall,Yellow Stucco Wall,Decorative Walls,https://terraria.wiki.gg/wiki/Stucco_Walls,616,37,"[{""wall_id"": 37, ""is_safe"": 1, ""internal_name"": ""YellowStucco"", ""name"": ""Yellow Stucco Wall"", ""page_url"": ""https://terraria.wiki.gg/wiki/Stucco_Walls"", ""world_image_url"": ""https://terraria.wiki.gg/images/Yellow_Stucco_Wall_%28placed%29.png?format=original""}]",https://terraria.wiki.gg/images/Yellow_Stucco_Wall.png?format=original,https://terraria.wiki.gg/images/Yellow_Stucco_Wall_%28placed%29.png?format=original,https://terraria.wiki.gg/images/Yellow_Stucco_Wall_%28placed%29.png?format=original,images/walls/inventory/370_yellow_stucco_wall_inventory.png,images/walls/world/370_yellow_stucco_wall_world.png,images/walls/color/370_yellow_stucco_wall_color.png,ok,,True,https://terraria.wiki.gg/images/c/c7/Yellow_Stucco_Wall_%28placed%29.png?format=original,8,25,inserted,373
371,Wrought Iron Fence,Wrought Iron Fence,Metal Walls,https://terraria.wiki.gg/wiki/Fences,4424,245,"[{""wall_id"": 245, ""is_safe"": 1, ""internal_name"": ""WroughtIronFence"", ""name"": ""Wrought Iron Fence"", ""page_url"": ""https://terraria.wiki.gg/wiki/Fences"", ""world_image_url"": ""https://terraria.wiki.gg/images/Wrought_Iron_Fence_%28placed%29.png?format=original""}]",https://terraria.wiki.gg/images/Wrought_Iron_Fence.png?format=original,https://terraria.wiki.gg/images/Wrought_Iron_Fence_%28placed%29.png?format=original,https://terraria.wiki.gg/images/Wrought_Iron_Fence_%28placed%29.png?format=original,images/walls/inventory/371_wrought_iron_fence_inventory.png,images/walls/world/371_wrought_iron_fence_world.png,images/walls/color/371_wrought_iron_fence_color.png,ok,,True,https://terraria.wiki.gg/images/2/2e/Wrought_Iron_Fence_%28placed%29.png?format=original,8,29,inserted,374
372,Snowflake Wallpaper,Snowflake Wallpaper,Wallpaper,https://terraria.wiki.gg/wiki/Wallpapers,1954,122,"[{""wall_id"": 122, ""is_safe"": 1, ""internal_name"": ""SnowflakeWallpaper"", ""name"": ""Snowflake Wallpaper"", ""page_url"": ""https://terraria.wiki.gg/wiki/Wallpapers"", ""world_image_url"": ""https://terraria.wiki.gg/images/Snowflake_Wallpaper_%28placed%29.png?format=original""}]",https://terraria.wiki.gg/images/Snowflake_Wallpaper.png?format=original,https://terraria.wiki.gg/images/Snowflake_Wallpaper_%28placed%29.png?format=original,https://terraria.wiki.gg/images/Snowflake_Wallpaper_%28placed%29.png?format=original,images/walls/inventory/372_snowflake_wallpaper_inventory.png,images/walls/world/372_snowflake_wallpaper_world.png,images/walls/color/372_snowflake_wallpaper_color.png,ok,,True,https://terraria.wiki.gg/images/0/07/Snowflake_Wallpaper_%28placed%29.png?format=original,8,33,inserted,375
318,Cursed Blue Slab Wall,Blue Slab Wall,Dungeon Walls,https://terraria.wiki.gg/wiki/Dungeon_Brick_Walls#Slab_walls,1378,100,"[{""wall_id"": 94, ""is_safe"": 0, ""internal_name"": ""BlueDungeonSlabUnsafe"", ""name"": ""Blue Slab Wall"", ""page_url"": ""https://terraria.wiki.gg/wiki/Dungeon_Brick_Walls"", ""world_image_url"": ""https://terraria.wiki.gg/images/Blue_Slab_Wall_%28placed%29.png?format=original""}]",https://terraria.wiki.gg/images/Blue_Slab_Wall.png?format=original,https://terraria.wiki.gg/images/Blue_Slab_Wall_%28placed%29.png?format=original,https://terraria.wiki.gg/images/Blue_Slab_Wall_%28placed%29.png?format=original,images/walls/inventory/318_blue_slab_wall_inventory.png,images/walls/world/318_blue_slab_wall_world.png,images/walls/color/318_blue_slab_wall_color.png,ok,,True,https://terraria.wiki.gg/images/7/7f/Blue_Slab_Wall_%28placed%29.png?format=original,8,37,merged,376
373,Wavy Dirt Wall,Wavy Dirt Wall,Soil Walls,https://terraria.wiki.gg/wiki/Dirt_Walls_(natural),4524,287,"[{""wall_id"": 199, ""is_safe"": 0, ""internal_name"": ""DirtUnsafe4"", ""name"": ""Wavy Dirt Wall"", ""page_url"": ""https://terraria.wiki.gg/wiki/Wavy_Dirt_Wall"", ""world_image_url"": ""https://terraria.wiki.gg/images/Wavy_Dirt_Wall_%28placed%29.png?format=original""}, {""wall_id"": 287, ""is_safe"": 1, ""internal_name"": ""Dirt4Echo"", ""name"": ""Wavy Dirt Wall"", ""page_url"": ""https://terraria.wiki.gg/wiki/Wavy_Dirt_Wall"", ""world_image_url"": ""https://terraria.wiki.gg/images/Wavy_Dirt_Wall_%28placed%29.png?format=original""}]",https://terraria.wiki.gg/images/Wavy_Dirt_Wall.png?format=original,https://terraria.wiki.gg/images/Wavy_Dirt_Wall_%28placed%29.png?format=original,https://terraria.wiki.gg/images/Wavy_Dirt_Wall_%28placed%29.png?format=original,images/walls/inventory/373_wavy_dirt_wall_inventory.png,images/walls/world/373_wavy_dirt_wall_world.png,images/walls/color/373_wavy_dirt_wall_color.png,ok,,True,https://terraria.wiki.gg/images/4/4a/Wavy_Dirt_Wall_%28placed%29.png?format=original,9,1,inserted,377
374,Green Slab Wall,Green Slab Wall,Dungeon Walls,https://terraria.wiki.gg/wiki/Dungeon_Brick_Walls,1382,104,"[{""wall_id"": 98, ""is_safe"": 0, ""internal_name"": ""GreenDungeonSlabUnsafe"", ""name"": ""Green Slab Wall"", ""page_url"": ""https://terraria.wiki.gg/wiki/Dungeon_Brick_Walls"", ""world_image_url"": ""https://terraria.wiki.gg/images/Green_Slab_Wall_%28placed%29.png?format=original""}, {""wall_id"": 104, ""is_safe"": 1, ""internal_name"": ""GreenDungeonSlab"", ""name"": ""Green Slab Wall"", ""page_url"": ""https://terraria.wiki.gg/wiki/Dungeon_Brick_Walls"", ""world_image_url"": ""https://terraria.wiki.gg/images/Green_Slab_Wall_%28placed%29.png?format=original""}]",https://terraria.wiki.gg/images/Green_Slab_Wall.png?format=original,https://terraria.wiki.gg/images/Green_Slab_Wall_%28placed%29.png?format=original,https://terraria.wiki.gg/images/Green_Slab_Wall_%28placed%29.png?format=original,images/walls/inventory/374_green_slab_wall_inventory.png,images/walls/world/374_green_slab_wall_world.png,images/walls/color/374_green_slab_wall_color.png,ok,,True,https://terraria.wiki.gg/images/0/0c/Green_Slab_Wall_%28placed%29.png?format=original,9,5,inserted,378
375,Ebonwood Wall,Ebonwood Wall,Wood Walls,https://terraria.wiki.gg/wiki/Ebonwood_Wall,622,41,"[{""wall_id"": 41, ""is_safe"": 1, ""internal_name"": ""Ebonwood"", ""name"": ""Ebonwood Wall"", ""page_url"": ""https://terraria.wiki.gg/wiki/Ebonwood_Wall"", ""world_image_url"": ""https://terraria.wiki.gg/images/Ebonwood_Wall_%28placed%29.png?format=original""}]",https://terraria.wiki.gg/images/Ebonwood_Wall.png?format=original,https://terraria.wiki.gg/images/Ebonwood_Wall_%28placed%29.png?format=original,https://terraria.wiki.gg/images/Ebonwood_Wall_%28placed%29.png?format=original,images/walls/inventory/375_ebonwood_wall_inventory.png,images/walls/world/375_ebonwood_wall_world.png,images/walls/color/375_ebonwood_wall_color.png,ok,,False,https://terraria.wiki.gg/images/2/21/Ebonwood_Wall_%28placed%29.png?format=original,9,9,inserted,379
376,Mottled Stone Wall,Mottled Stone Wall,Stone Walls,https://terraria.wiki.gg/wiki/Cave_Walls,4539,302,"[{""wall_id"": 214, ""is_safe"": 0, ""internal_name"": ""RocksUnsafe3"", ""name"": ""Mottled Stone Wall"", ""page_url"": ""https://terraria.wiki.gg/wiki/Mottled_Stone_Wall"", ""world_image_url"": ""https://terraria.wiki.gg/images/Mottled_Stone_Wall_%28placed%29.png?format=original""}, {""wall_id"": 302, ""is_safe"": 1, ""internal_name"": ""Rocks3Echo"", ""name"": ""Mottled Stone Wall"", ""page_url"": ""https://terraria.wiki.gg/wiki/Mottled_Stone_Wall"", ""world_image_url"": ""https://terraria.wiki.gg/images/Mottled_Stone_Wall_%28placed%29.png?format=original""}]",https://terraria.wiki.gg/images/Mottled_Stone_Wall.png?format=original,https://terraria.wiki.gg/images/Mottled_Stone_Wall_%28placed%29.png?format=original,https://terraria.wiki.gg/images/Mottled_Stone_Wall_%28placed%29.png?format=original,images/walls/inventory/376_mottled_stone_wall_inventory.png,images/walls/world/376_mottled_stone_wall_world.png,images/walls/color/376_mottled_stone_wall_color.png,ok,,True,https://terraria.wiki.gg/images/8/8a/Mottled_Stone_Wall_%28placed%29.png?format=original,9,13,inserted,380
377,Ebonstone Brick Wall,Ebonstone Brick Wall,Brick Walls,https://terraria.wiki.gg/wiki/Ebonstone_Brick_Wall,610,35,"[{""wall_id"": 35, ""is_safe"": 1, ""internal_name"": ""EbonstoneBrick"", ""name"": ""Ebonstone Brick Wall"", ""page_url"": ""https://terraria.wiki.gg/wiki/Ebonstone_Brick_Wall"", ""world_image_url"": ""https://terraria.wiki.gg/images/Ebonstone_Brick_Wall_%28placed%29.png?format=original""}]",https://terraria.wiki.gg/images/Ebonstone_Brick_Wall.png?format=original,https://terraria.wiki.gg/images/Ebonstone_Brick_Wall_%28placed%29.png?format=original,https://terraria.wiki.gg/images/Ebonstone_Brick_Wall_%28placed%29.png?format=original,images/walls/inventory/377_ebonstone_brick_wall_inventory.png,images/walls/world/377_ebonstone_brick_wall_world.png,images/walls/color/377_ebonstone_brick_wall_color.png,ok,,False,https://terraria.wiki.gg/images/e/ec/Ebonstone_Brick_Wall_%28placed%29.png?format=original,9,17,inserted,381
378,Offline Amethyst Gemspark Wall,Offline Amethyst Gemspark Wall,Gem Walls,https://terraria.wiki.gg/wiki/Offline_Gemspark_Walls,2680,158,"[{""wall_id"": 158, ""is_safe"": 1, ""internal_name"": ""AmethystGemsparkOff"", ""name"": ""Offline Amethyst Gemspark Wall"", ""page_url"": ""https://terraria.wiki.gg/wiki/Gemspark_Walls"", ""world_image_url"": ""https://terraria.wiki.gg/images/Offline_Amethyst_Gemspark_Wall_%28placed%29.png?format=original""}]",https://terraria.wiki.gg/images/Offline_Amethyst_Gemspark_Wall.png?format=original,https://terraria.wiki.gg/images/Offline_Amethyst_Gemspark_Wall_%28placed%29.png?format=original,https://terraria.wiki.gg/images/Offline_Amethyst_Gemspark_Wall_%28placed%29.png?format=original,images/walls/inventory/378_offline_amethyst_gemspark_wall_inventory.png,images/walls/world/378_offline_amethyst_gemspark_wall_world.png,images/walls/color/378_offline_amethyst_gemspark_wall_color.png,ok,,True,https://terraria.wiki.gg/images/b/bb/Offline_Amethyst_Gemspark_Wall_%28placed%29.png?format=original,9,21,inserted,382
379,Green Stucco Wall,Green Stucco Wall,Decorative Walls,https://terraria.wiki.gg/wiki/Stucco_Walls,617,38,"[{""wall_id"": 38, ""is_safe"": 1, ""internal_name"": ""GreenStucco"", ""name"": ""Green Stucco Wall"", ""page_url"": ""https://terraria.wiki.gg/wiki/Stucco_Walls"", ""world_image_url"": ""https://terraria.wiki.gg/images/Green_Stucco_Wall_%28placed%29.png?format=original""}]",https://terraria.wiki.gg/images/Green_Stucco_Wall.png?format=original,https://terraria.wiki.gg/images/Green_Stucco_Wall_%28placed%29.png?format=original,https://terraria.wiki.gg/images/Green_Stucco_Wall_%28placed%29.png?format=original,images/walls/inventory/379_green_stucco_wall_inventory.png,images/walls/world/379_green_stucco_wall_world.png,images/walls/color/379_green_stucco_wall_color.png,ok,,True,https://terraria.wiki.gg/images/7/7c/Green_Stucco_Wall_%28placed%29.png?format=original,9,25,inserted,383
380,Lead Brick Wall,Lead Brick Wall,Metal Walls,https://terraria.wiki.gg/wiki/Lead_Brick_Wall,3954,232,"[{""wall_id"": 232, ""is_safe"": 1, ""internal_name"": ""LeadBrick"", ""name"": ""Lead Brick Wall"", ""page_url"": ""https://terraria.wiki.gg/wiki/Lead_Brick_Wall"", ""world_image_url"": ""https://terraria.wiki.gg/images/Lead_Brick_Wall_%28placed%29.png?format=original""}]",https://terraria.wiki.gg/images/Lead_Brick_Wall.png?format=original,https://terraria.wiki.gg/images/Lead_Brick_Wall_%28placed%29.png?format=original,https://terraria.wiki.gg/images/Lead_Brick_Wall_%28placed%29.png?format=original,images/walls/inventory/380_lead_brick_wall_inventory.png,images/walls/world/380_lead_brick_wall_world.png,images/walls/color/380_lead_brick_wall_color.png,ok,,False,https://terraria.wiki.gg/images/1/12/Lead_Brick_Wall_%28placed%29.png?format=original,9,29,inserted,384
381,Krampus Horn Wallpaper,Krampus Horn Wallpaper,Wallpaper,https://terraria.wiki.gg/wiki/Wallpapers,1955,123,"[{""wall_id"": 123, ""is_safe"": 1, ""internal_name"": ""KrampusHornWallpaper"", ""name"": ""Krampus Horn Wallpaper"", ""page_url"": ""https://terraria.wiki.gg/wiki/Wallpapers"", ""world_image_url"": ""https://terraria.wiki.gg/images/Krampus_Horn_Wallpaper_%28placed%29.png?format=original""}]",https://terraria.wiki.gg/images/Krampus_Horn_Wallpaper.png?format=original,https://terraria.wiki.gg/images/Krampus_Horn_Wallpaper_%28placed%29.png?format=original,https://terraria.wiki.gg/images/Krampus_Horn_Wallpaper_%28placed%29.png?format=original,images/walls/inventory/381_krampus_horn_wallpaper_inventory.png,images/walls/world/381_krampus_horn_wallpaper_world.png,images/walls/color/381_krampus_horn_wallpaper_color.png,ok,,True,https://terraria.wiki.gg/images/e/e9/Krampus_Horn_Wallpaper_%28placed%29.png?format=original,9,33,inserted,385
328,Cursed Blue Tiled Wall,Blue Tiled Wall,Dungeon Walls,https://terraria.wiki.gg/wiki/Dungeon_Brick_Walls#Tiled_walls,1379,101,"[{""wall_id"": 95, ""is_safe"": 0, ""internal_name"": ""BlueDungeonTileUnsafe"", ""name"": ""Blue Tiled Wall"", ""page_url"": ""https://terraria.wiki.gg/wiki/Dungeon_Brick_Walls"", ""world_image_url"": ""https://terraria.wiki.gg/images/Blue_Tiled_Wall_%28placed%29.png?format=original""}]",https://terraria.wiki.gg/images/Blue_Tiled_Wall.png?format=original,https://terraria.wiki.gg/images/Blue_Tiled_Wall_%28placed%29.png?format=original,https://terraria.wiki.gg/images/Blue_Tiled_Wall_%28placed%29.png?format=original,images/walls/inventory/328_blue_tiled_wall_inventory.png,images/walls/world/328_blue_tiled_wall_world.png,images/walls/color/328_blue_tiled_wall_color.png,ok,,True,https://terraria.wiki.gg/images/9/9f/Blue_Tiled_Wall_%28placed%29.png?format=original,9,37,merged,386
382,Mud Wall,Mud Wall,Soil Walls,https://terraria.wiki.gg/wiki/Mud_Wall,4487,247,"[{""wall_id"": 15, ""is_safe"": 0, ""internal_name"": ""MudUnsafe"", ""name"": ""Mud Wall"", ""page_url"": ""https://terraria.wiki.gg/wiki/Mud_Wall"", ""world_image_url"": ""https://terraria.wiki.gg/images/Mud_Wall_%28placed%29.png?format=original""}, {""wall_id"": 247, ""is_safe"": 1, ""internal_name"": ""MudWallEcho"", ""name"": ""Mud Wall"", ""page_url"": ""https://terraria.wiki.gg/wiki/Mud_Wall"", ""world_image_url"": ""https://terraria.wiki.gg/images/Mud_Wall_%28placed%29.png?format=original""}]",https://terraria.wiki.gg/images/Mud_Wall.png?format=original,https://terraria.wiki.gg/images/Mud_Wall_%28placed%29.png?format=original,https://terraria.wiki.gg/images/Mud_Wall_%28placed%29.png?format=original,images/walls/inventory/382_mud_wall_inventory.png,images/walls/world/382_mud_wall_world.png,images/walls/color/382_mud_wall_color.png,ok,,False,https://terraria.wiki.gg/images/a/a7/Mud_Wall_%28placed%29.png?format=original,10,1,inserted,387
383,Green Tiled Wall,Green Tiled Wall,Dungeon Walls,https://terraria.wiki.gg/wiki/Dungeon_Brick_Walls,1383,105,"[{""wall_id"": 99, ""is_safe"": 0, ""internal_name"": ""GreenDungeonTileUnsafe"", ""name"": ""Green Tiled Wall"", ""page_url"": ""https://terraria.wiki.gg/wiki/Dungeon_Brick_Walls"", ""world_image_url"": ""https://terraria.wiki.gg/images/Green_Tiled_Wall_%28placed%29.png?format=original""}, {""wall_id"": 105, ""is_safe"": 1, ""internal_name"": ""GreenDungeonTile"", ""name"": ""Green Tiled Wall"", ""page_url"": ""https://terraria.wiki.gg/wiki/Dungeon_Brick_Walls"", ""world_image_url"": ""https://terraria.wiki.gg/images/Green_Tiled_Wall_%28placed%29.png?format=original""}]",https://terraria.wiki.gg/images/Green_Tiled_Wall.png?format=original,https://terraria.wiki.gg/images/Green_Tiled_Wall_%28placed%29.png?format=original,https://terraria.wiki.gg/images/Green_Tiled_Wall_%28placed%29.png?format=original,images/walls/inventory/383_green_tiled_wall_inventory.png,images/walls/world/383_green_tiled_wall_world.png,images/walls/color/383_green_tiled_wall_color.png,ok,,True,https://terraria.wiki.gg/images/7/76/Green_Tiled_Wall_%28placed%29.png?format=original,10,5,inserted,388
384,Shadewood Wall,Shadewood Wall,Wood Walls,https://terraria.wiki.gg/wiki/Shadewood_Wall,927,85,"[{""wall_id"": 85, ""is_safe"": 1, ""internal_name"": ""Shadewood"", ""name"": ""Shadewood Wall"", ""page_url"": ""https://terraria.wiki.gg/wiki/Shadewood_Wall"", ""world_image_url"": ""https://terraria.wiki.gg/images/Shadewood_Wall_%28placed%29.png?format=original""}]",https://terraria.wiki.gg/images/Shadewood_Wall.png?format=original,https://terraria.wiki.gg/images/Shadewood_Wall_%28placed%29.png?format=original,https://terraria.wiki.gg/images/Shadewood_Wall_%28placed%29.png?format=original,images/walls/inventory/384_shadewood_wall_inventory.png,images/walls/world/384_shadewood_wall_world.png,images/walls/color/384_shadewood_wall_color.png,ok,,False,https://terraria.wiki.gg/images/3/39/Shadewood_Wall_%28placed%29.png?format=original,10,9,inserted,389
385,Fractured Stone Wall,Fractured Stone Wall,Stone Walls,https://terraria.wiki.gg/wiki/Cave_Walls,4540,303,"[{""wall_id"": 215, ""is_safe"": 0, ""internal_name"": ""RocksUnsafe4"", ""name"": ""Fractured Stone Wall"", ""page_url"": ""https://terraria.wiki.gg/wiki/Fractured_Stone_Wall"", ""world_image_url"": ""https://terraria.wiki.gg/images/Fractured_Stone_Wall_%28placed%29.png?format=original""}, {""wall_id"": 303, ""is_safe"": 1, ""internal_name"": ""Rocks4Echo"", ""name"": ""Fractured Stone Wall"", ""page_url"": ""https://terraria.wiki.gg/wiki/Fractured_Stone_Wall"", ""world_image_url"": ""https://terraria.wiki.gg/images/Fractured_Stone_Wall_%28placed%29.png?format=original""}]",https://terraria.wiki.gg/images/Fractured_Stone_Wall.png?format=original,https://terraria.wiki.gg/images/Fractured_Stone_Wall_%28placed%29.png?format=original,https://terraria.wiki.gg/images/Fractured_Stone_Wall_%28placed%29.png?format=original,images/walls/inventory/385_fractured_stone_wall_inventory.png,images/walls/world/385_fractured_stone_wall_world.png,images/walls/color/385_fractured_stone_wall_color.png,ok,,True,https://terraria.wiki.gg/images/b/b9/Fractured_Stone_Wall_%28placed%29.png?format=original,10,13,inserted,390
386,Crimstone Brick Wall,Crimstone Brick Wall,Brick Walls,https://terraria.wiki.gg/wiki/Crimstone_Brick_Wall,4052,234,"[{""wall_id"": 234, ""is_safe"": 1, ""internal_name"": ""CrimstoneBrick"", ""name"": ""Crimstone Brick Wall"", ""page_url"": ""https://terraria.wiki.gg/wiki/Crimstone_Brick_Wall"", ""world_image_url"": ""https://terraria.wiki.gg/images/Crimstone_Brick_Wall_%28placed%29.png?format=original""}]",https://terraria.wiki.gg/images/Crimstone_Brick_Wall.png?format=original,https://terraria.wiki.gg/images/Crimstone_Brick_Wall_%28placed%29.png?format=original,https://terraria.wiki.gg/images/Crimstone_Brick_Wall_%28placed%29.png?format=original,images/walls/inventory/386_crimstone_brick_wall_inventory.png,images/walls/world/386_crimstone_brick_wall_world.png,images/walls/color/386_crimstone_brick_wall_color.png,ok,,False,https://terraria.wiki.gg/images/b/bd/Crimstone_Brick_Wall_%28placed%29.png?format=original,10,17,inserted,391
387,Offline Topaz Gemspark Wall,Offline Topaz Gemspark Wall,Gem Walls,https://terraria.wiki.gg/wiki/Offline_Gemspark_Walls,2690,163,"[{""wall_id"": 163, ""is_safe"": 1, ""internal_name"": ""TopazGemsparkOff"", ""name"": ""Offline Topaz Gemspark Wall"", ""page_url"": ""https://terraria.wiki.gg/wiki/Gemspark_Walls"", ""world_image_url"": ""https://terraria.wiki.gg/images/Offline_Topaz_Gemspark_Wall_%28placed%29.png?format=original""}]",https://terraria.wiki.gg/images/Offline_Topaz_Gemspark_Wall.png?format=original,https://terraria.wiki.gg/images/Offline_Topaz_Gemspark_Wall_%28placed%29.png?format=original,https://terraria.wiki.gg/images/Offline_Topaz_Gemspark_Wall_%28placed%29.png?format=original,images/walls/inventory/387_offline_topaz_gemspark_wall_inventory.png,images/walls/world/387_offline_topaz_gemspark_wall_world.png,images/walls/color/387_offline_topaz_gemspark_wall_color.png,ok,,True,https://terraria.wiki.gg/images/7/72/Offline_Topaz_Gemspark_Wall_%28placed%29.png?format=original,10,21,inserted,392
388,Spider Wall,Spider Wall,Decorative Walls,https://terraria.wiki.gg/wiki/Spider_Wall,4503,263,"[{""wall_id"": 62, ""is_safe"": 0, ""internal_name"": ""SpiderUnsafe"", ""name"": ""Spider Wall"", ""page_url"": ""https://terraria.wiki.gg/wiki/Spider_Wall"", ""world_image_url"": ""https://terraria.wiki.gg/images/Spider_Wall_%28placed%29.png?format=original""}, {""wall_id"": 263, ""is_safe"": 1, ""internal_name"": ""SpiderEcho"", ""name"": ""Spider Wall"", ""page_url"": ""https://terraria.wiki.gg/wiki/Spider_Wall"", ""world_image_url"": ""https://terraria.wiki.gg/images/Spider_Wall_%28placed%29.png?format=original""}]",https://terraria.wiki.gg/images/Spider_Wall.png?format=original,https://terraria.wiki.gg/images/Spider_Wall_%28placed%29.png?format=original,https://terraria.wiki.gg/images/Spider_Wall_%28placed%29.png?format=original,images/walls/inventory/388_spider_wall_inventory.png,images/walls/world/388_spider_wall_world.png,images/walls/color/388_spider_wall_color.png,ok,,False,https://terraria.wiki.gg/images/7/71/Spider_Wall_%28placed%29.png?format=original,10,25,inserted,393
389,Lead Fence,Lead Fence,Metal Walls,https://terraria.wiki.gg/wiki/Fences,1448,107,"[{""wall_id"": 107, ""is_safe"": 1, ""internal_name"": ""MetalFence"", ""name"": ""Lead Fence"", ""page_url"": ""https://terraria.wiki.gg/wiki/Fences"", ""world_image_url"": ""https://terraria.wiki.gg/images/Lead_Fence_%28placed%29.png?format=original""}]",https://terraria.wiki.gg/images/Lead_Fence.png?format=original,https://terraria.wiki.gg/images/Lead_Fence_%28placed%29.png?format=original,https://terraria.wiki.gg/images/Lead_Fence_%28placed%29.png?format=original,images/walls/inventory/389_lead_fence_inventory.png,images/walls/world/389_lead_fence_world.png,images/walls/color/389_lead_fence_color.png,ok,,True,https://terraria.wiki.gg/images/4/41/Lead_Fence_%28placed%29.png?format=original,10,29,inserted,394
390,Bluegreen Wallpaper,Bluegreen Wallpaper,Wallpaper,https://terraria.wiki.gg/wiki/Wallpapers,1956,124,"[{""wall_id"": 124, ""is_safe"": 1, ""internal_name"": ""BluegreenWallpaper"", ""name"": ""Bluegreen Wallpaper"", ""page_url"": ""https://terraria.wiki.gg/wiki/Wallpapers"", ""world_image_url"": ""https://terraria.wiki.gg/images/Bluegreen_Wallpaper_%28placed%29.png?format=original""}]",https://terraria.wiki.gg/images/Bluegreen_Wallpaper.png?format=original,https://terraria.wiki.gg/images/Bluegreen_Wallpaper_%28placed%29.png?format=original,https://terraria.wiki.gg/images/Bluegreen_Wallpaper_%28placed%29.png?format=original,images/walls/inventory/390_bluegreen_wallpaper_inventory.png,images/walls/world/390_bluegreen_wallpaper_world.png,images/walls/color/390_bluegreen_wallpaper_color.png,ok,,True,https://terraria.wiki.gg/images/c/c8/Bluegreen_Wallpaper_%28placed%29.png?format=original,10,33,inserted,395
338,Cursed Pink Brick Wall,Pink Brick Wall,Dungeon Walls,https://terraria.wiki.gg/wiki/Dungeon_Brick_Walls,140,19,"[{""wall_id"": 9, ""is_safe"": 0, ""internal_name"": ""PinkDungeonUnsafe"", ""name"": ""Pink Brick Wall"", ""page_url"": ""https://terraria.wiki.gg/wiki/Dungeon_Brick_Walls"", ""world_image_url"": ""https://terraria.wiki.gg/images/Pink_Brick_Wall_%28placed%29.png?format=original""}]",https://terraria.wiki.gg/images/Pink_Brick_Wall.png?format=original,https://terraria.wiki.gg/images/Pink_Brick_Wall_%28placed%29.png?format=original,https://terraria.wiki.gg/images/Pink_Brick_Wall_%28placed%29.png?format=original,images/walls/inventory/338_pink_brick_wall_inventory.png,images/walls/world/338_pink_brick_wall_world.png,images/walls/color/338_pink_brick_wall_color.png,ok,,True,https://terraria.wiki.gg/images/3/3d/Pink_Brick_Wall_%28placed%29.png?format=original,10,37,merged,396
391,Leafy Jungle Wall,Leafy Jungle Wall,Soil Walls,https://terraria.wiki.gg/wiki/Jungle_Walls_(natural),4530,293,"[{""wall_id"": 205, ""is_safe"": 0, ""internal_name"": ""JungleUnsafe2"", ""name"": ""Leafy Jungle Wall"", ""page_url"": ""https://terraria.wiki.gg/wiki/Leafy_Jungle_Wall"", ""world_image_url"": ""https://terraria.wiki.gg/images/Leafy_Jungle_Wall_%28placed%29.png?format=original""}, {""wall_id"": 293, ""is_safe"": 1, ""internal_name"": ""Jungle2Echo"", ""name"": ""Leafy Jungle Wall"", ""page_url"": ""https://terraria.wiki.gg/wiki/Leafy_Jungle_Wall"", ""world_image_url"": ""https://terraria.wiki.gg/images/Leafy_Jungle_Wall_%28placed%29.png?format=original""}]",https://terraria.wiki.gg/images/Leafy_Jungle_Wall.png?format=original,https://terraria.wiki.gg/images/Leafy_Jungle_Wall_%28placed%29.png?format=original,https://terraria.wiki.gg/images/Leafy_Jungle_Wall_%28placed%29.png?format=original,images/walls/inventory/391_leafy_jungle_wall_inventory.png,images/walls/world/391_leafy_jungle_wall_world.png,images/walls/color/391_leafy_jungle_wall_color.png,ok,,True,https://terraria.wiki.gg/images/e/e0/Leafy_Jungle_Wall_%28placed%29.png?format=original,11,1,inserted,397
392,Gothic Brick Wall,Gothic Brick Wall,Dungeon Walls,https://terraria.wiki.gg/wiki/Gothic_Brick_Wall,5923,355,"[{""wall_id"": 355, ""is_safe"": 1, ""internal_name"": ""GothicBrickWall"", ""name"": ""Gothic Brick Wall"", ""page_url"": ""https://terraria.wiki.gg/wiki/Gothic_Brick_Wall"", ""world_image_url"": ""https://terraria.wiki.gg/images/Gothic_Brick_Wall_%28placed%29.png?format=original""}]",https://terraria.wiki.gg/images/Gothic_Brick_Wall.png?format=original,https://terraria.wiki.gg/images/Gothic_Brick_Wall_%28placed%29.png?format=original,https://terraria.wiki.gg/images/Gothic_Brick_Wall_%28placed%29.png?format=original,images/walls/inventory/392_gothic_brick_wall_inventory.png,images/walls/world/392_gothic_brick_wall_world.png,images/walls/color/392_gothic_brick_wall_color.png,ok,,False,https://terraria.wiki.gg/images/Gothic_Brick_Wall_%28placed%29.png?3c4288?format=original,11,5,inserted,398
393,Pearlwood Wall,Pearlwood Wall,Wood Walls,https://terraria.wiki.gg/wiki/Pearlwood_Wall,624,43,"[{""wall_id"": 43, ""is_safe"": 1, ""internal_name"": ""Pearlwood"", ""name"": ""Pearlwood Wall"", ""page_url"": ""https://terraria.wiki.gg/wiki/Pearlwood_Wall"", ""world_image_url"": ""https://terraria.wiki.gg/images/Pearlwood_Wall_%28placed%29.png?format=original""}]",https://terraria.wiki.gg/images/Pearlwood_Wall.png?format=original,https://terraria.wiki.gg/images/Pearlwood_Wall_%28placed%29.png?format=original,https://terraria.wiki.gg/images/Pearlwood_Wall_%28placed%29.png?format=original,images/walls/inventory/393_pearlwood_wall_inventory.png,images/walls/world/393_pearlwood_wall_world.png,images/walls/color/393_pearlwood_wall_color.png,ok,,False,https://terraria.wiki.gg/images/4/4e/Pearlwood_Wall_%28placed%29.png?format=original,11,9,inserted,399
394,Reef Wall,Reef Wall,Stone Walls,https://terraria.wiki.gg/wiki/Reef_Wall,5307,319,"[{""wall_id"": 319, ""is_safe"": 1, ""internal_name"": ""ReefWall"", ""name"": ""Reef Wall"", ""page_url"": ""https://terraria.wiki.gg/wiki/Reef_Wall"", ""world_image_url"": ""https://terraria.wiki.gg/images/Reef_Wall_%28placed%29.png?format=original""}]",https://terraria.wiki.gg/images/Reef_Wall.png?format=original,https://terraria.wiki.gg/images/Reef_Wall_%28placed%29.png?format=original,https://terraria.wiki.gg/images/Reef_Wall_%28placed%29.png?format=original,images/walls/inventory/394_reef_wall_inventory.png,images/walls/world/394_reef_wall_world.png,images/walls/color/394_reef_wall_color.png,ok,,False,https://terraria.wiki.gg/images/5/58/Reef_Wall_%28placed%29.png?format=original,11,13,inserted,400
395,Mudstone Brick Wall,Mudstone Brick Wall,Brick Walls,https://terraria.wiki.gg/wiki/Mudstone_Brick_Wall,419,24,"[{""wall_id"": 24, ""is_safe"": 1, ""internal_name"": ""MudstoneBrick"", ""name"": ""Mudstone Brick Wall"", ""page_url"": ""https://terraria.wiki.gg/wiki/Mudstone_Brick_Wall"", ""world_image_url"": ""https://terraria.wiki.gg/images/Mudstone_Brick_Wall_%28placed%29.png?format=original""}]",https://terraria.wiki.gg/images/Mudstone_Brick_Wall.png?format=original,https://terraria.wiki.gg/images/Mudstone_Brick_Wall_%28placed%29.png?format=original,https://terraria.wiki.gg/images/Mudstone_Brick_Wall_%28placed%29.png?format=original,images/walls/inventory/395_mudstone_brick_wall_inventory.png,images/walls/world/395_mudstone_brick_wall_world.png,images/walls/color/395_mudstone_brick_wall_color.png,ok,,False,https://terraria.wiki.gg/images/3/3d/Mudstone_Brick_Wall_%28placed%29.png?format=original,11,17,inserted,401
396,Offline Sapphire Gemspark Wall,Offline Sapphire Gemspark Wall,Gem Walls,https://terraria.wiki.gg/wiki/Offline_Gemspark_Walls,2688,162,"[{""wall_id"": 162, ""is_safe"": 1, ""internal_name"": ""SapphireGemsparkOff"", ""name"": ""Offline Sapphire Gemspark Wall"", ""page_url"": ""https://terraria.wiki.gg/wiki/Gemspark_Walls"", ""world_image_url"": ""https://terraria.wiki.gg/images/Offline_Sapphire_Gemspark_Wall_%28placed%29.png?format=original""}]",https://terraria.wiki.gg/images/Offline_Sapphire_Gemspark_Wall.png?format=original,https://terraria.wiki.gg/images/Offline_Sapphire_Gemspark_Wall_%28placed%29.png?format=original,https://terraria.wiki.gg/images/Offline_Sapphire_Gemspark_Wall_%28placed%29.png?format=original,images/walls/inventory/396_offline_sapphire_gemspark_wall_inventory.png,images/walls/world/396_offline_sapphire_gemspark_wall_world.png,images/walls/color/396_offline_sapphire_gemspark_wall_color.png,ok,,True,https://terraria.wiki.gg/images/f/fc/Offline_Sapphire_Gemspark_Wall_%28placed%29.png?format=original,11,21,inserted,402
397,Cloud Wall,Cloud Wall,Decorative Walls,https://terraria.wiki.gg/wiki/Cloud_Wall,752,73,"[{""wall_id"": 73, ""is_safe"": 1, ""internal_name"": ""Cloud"", ""name"": ""Cloud Wall"", ""page_url"": ""https://terraria.wiki.gg/wiki/Cloud_Wall"", ""world_image_url"": ""https://terraria.wiki.gg/images/Cloud_Wall_%28placed%29.png?format=original""}]",https://terraria.wiki.gg/images/Cloud_Wall.png?format=original,https://terraria.wiki.gg/images/Cloud_Wall_%28placed%29.png?format=original,https://terraria.wiki.gg/images/Cloud_Wall_%28placed%29.png?format=original,images/walls/inventory/397_cloud_wall_inventory.png,images/walls/world/397_cloud_wall_world.png,images/walls/color/397_cloud_wall_color.png,ok,,False,https://terraria.wiki.gg/images/b/bd/Cloud_Wall_%28placed%29.png?format=original,11,25,inserted,403
398,Silver Brick Wall,Silver Brick Wall,Metal Walls,https://terraria.wiki.gg/wiki/Silver_Brick_Wall,144,11,"[{""wall_id"": 11, ""is_safe"": 1, ""internal_name"": ""SilverBrick"", ""name"": ""Silver Brick Wall"", ""page_url"": ""https://terraria.wiki.gg/wiki/Silver_Brick_Wall"", ""world_image_url"": ""https://terraria.wiki.gg/images/Silver_Brick_Wall_%28placed%29.png?format=original""}]",https://terraria.wiki.gg/images/Silver_Brick_Wall.png?format=original,https://terraria.wiki.gg/images/Silver_Brick_Wall_%28placed%29.png?format=original,https://terraria.wiki.gg/images/Silver_Brick_Wall_%28placed%29.png?format=original,images/walls/inventory/398_silver_brick_wall_inventory.png,images/walls/world/398_silver_brick_wall_world.png,images/walls/color/398_silver_brick_wall_color.png,ok,,False,https://terraria.wiki.gg/images/d/d7/Silver_Brick_Wall_%28placed%29.png?format=original,11,29,inserted,404
399,Grinch Finger Wallpaper,Grinch Finger Wallpaper,Wallpaper,https://terraria.wiki.gg/wiki/Wallpapers,1957,125,"[{""wall_id"": 125, ""is_safe"": 1, ""internal_name"": ""GrinchFingerWallpaper"", ""name"": ""Grinch Finger Wallpaper"", ""page_url"": ""https://terraria.wiki.gg/wiki/Wallpapers"", ""world_image_url"": ""https://terraria.wiki.gg/images/Grinch_Finger_Wallpaper_%28placed%29.png?format=original""}]",https://terraria.wiki.gg/images/Grinch_Finger_Wallpaper.png?format=original,https://terraria.wiki.gg/images/Grinch_Finger_Wallpaper_%28placed%29.png?format=original,https://terraria.wiki.gg/images/Grinch_Finger_Wallpaper_%28placed%29.png?format=original,images/walls/inventory/399_grinch_finger_wallpaper_inventory.png,images/walls/world/399_grinch_finger_wallpaper_world.png,images/walls/color/399_grinch_finger_wallpaper_color.png,ok,,True,https://terraria.wiki.gg/images/d/d6/Grinch_Finger_Wallpaper_%28placed%29.png?format=original,11,33,inserted,405
347,Cursed Pink Slab Wall,Pink Slab Wall,Dungeon Walls,https://terraria.wiki.gg/wiki/Dungeon_Brick_Walls,1380,102,"[{""wall_id"": 96, ""is_safe"": 0, ""internal_name"": ""PinkDungeonSlabUnsafe"", ""name"": ""Pink Slab Wall"", ""page_url"": ""https://terraria.wiki.gg/wiki/Dungeon_Brick_Walls"", ""world_image_url"": ""https://terraria.wiki.gg/images/Pink_Slab_Wall_%28placed%29.png?format=original""}]",https://terraria.wiki.gg/images/Pink_Slab_Wall.png?format=original,https://terraria.wiki.gg/images/Pink_Slab_Wall_%28placed%29.png?format=original,https://terraria.wiki.gg/images/Pink_Slab_Wall_%28placed%29.png?format=original,images/walls/inventory/347_pink_slab_wall_inventory.png,images/walls/world/347_pink_slab_wall_world.png,images/walls/color/347_pink_slab_wall_color.png,ok,,True,https://terraria.wiki.gg/images/4/40/Pink_Slab_Wall_%28placed%29.png?format=original,11,37,merged,406
400,Jungle Vine Wall,Jungle Vine Wall,Soil Walls,https://terraria.wiki.gg/wiki/Jungle_Walls_(natural),4532,295,"[{""wall_id"": 207, ""is_safe"": 0, ""internal_name"": ""JungleUnsafe4"", ""name"": ""Jungle Vine Wall"", ""page_url"": ""https://terraria.wiki.gg/wiki/Jungle_Vine_Wall"", ""world_image_url"": ""https://terraria.wiki.gg/images/Jungle_Vine_Wall_%28placed%29.png?format=original""}, {""wall_id"": 295, ""is_safe"": 1, ""internal_name"": ""Jungle4Echo"", ""name"": ""Jungle Vine Wall"", ""page_url"": ""https://terraria.wiki.gg/wiki/Jungle_Vine_Wall"", ""world_image_url"": ""https://terraria.wiki.gg/images/Jungle_Vine_Wall_%28placed%29.png?format=original""}]",https://terraria.wiki.gg/images/Jungle_Vine_Wall.png?format=original,https://terraria.wiki.gg/images/Jungle_Vine_Wall_%28placed%29.png?format=original,https://terraria.wiki.gg/images/Jungle_Vine_Wall_%28placed%29.png?format=original,images/walls/inventory/400_jungle_vine_wall_inventory.png,images/walls/world/400_jungle_vine_wall_world.png,images/walls/color/400_jungle_vine_wall_color.png,ok,,True,https://terraria.wiki.gg/images/4/4c/Jungle_Vine_Wall_%28placed%29.png?format=original,12,1,inserted,407
401,Spooky Wood,Spooky Wood Wall,Wood Walls,https://terraria.wiki.gg/wiki/Spooky_Wood_Wall,1730,115,"[{""wall_id"": 115, ""is_safe"": 1, ""internal_name"": ""SpookyWood"", ""name"": ""Spooky Wood Wall"", ""page_url"": ""https://terraria.wiki.gg/wiki/Spooky_Wood_Wall"", ""world_image_url"": ""https://terraria.wiki.gg/images/Spooky_Wood_Wall_%28placed%29.png?format=original""}]",https://terraria.wiki.gg/images/Spooky_Wood_Wall.png?format=original,https://terraria.wiki.gg/images/Spooky_Wood_Wall_%28placed%29.png?format=original,https://terraria.wiki.gg/images/Spooky_Wood_Wall_%28placed%29.png?format=original,images/walls/inventory/401_spooky_wood_wall_inventory.png,images/walls/world/401_spooky_wood_wall_world.png,images/walls/color/401_spooky_wood_wall_color.png,review,source_name_alias: Spooky Wood -> Spooky Wood Wall,False,https://terraria.wiki.gg/images/a/a6/Spooky_Wood_Wall_%28placed%29.png?format=original,12,9,inserted,408
402,Marble Wall,Marble Wall,Stone Walls,https://terraria.wiki.gg/wiki/Marble_Wall,3082,183,"[{""wall_id"": 178, ""is_safe"": 0, ""internal_name"": ""MarbleUnsafe"", ""name"": ""Marble Wall"", ""page_url"": ""https://terraria.wiki.gg/wiki/Marble_Wall"", ""world_image_url"": ""https://terraria.wiki.gg/images/Marble_Wall_%28placed%29.png?format=original""}, {""wall_id"": 183, ""is_safe"": 1, ""internal_name"": ""Marble"", ""name"": ""Marble Wall"", ""page_url"": ""https://terraria.wiki.gg/wiki/Marble_Wall"", ""world_image_url"": ""https://terraria.wiki.gg/images/Marble_Wall_%28placed%29.png?format=original""}]",https://terraria.wiki.gg/images/Marble_Wall.png?format=original,https://terraria.wiki.gg/images/Marble_Wall_%28placed%29.png?format=original,https://terraria.wiki.gg/images/Marble_Wall_%28placed%29.png?format=original,images/walls/inventory/402_marble_wall_inventory.png,images/walls/world/402_marble_wall_world.png,images/walls/color/402_marble_wall_color.png,ok,,False,https://terraria.wiki.gg/images/7/7e/Marble_Wall_%28placed%29.png?format=original,12,13,inserted,409
403,Obsidian Brick Wall,Obsidian Brick Wall,Brick Walls,https://terraria.wiki.gg/wiki/Obsidian_Brick_Wall,330,20,"[{""wall_id"": 14, ""is_safe"": 0, ""internal_name"": ""ObsidianBrickUnsafe"", ""name"": ""Obsidian Brick Wall"", ""page_url"": ""https://terraria.wiki.gg/wiki/Obsidian_Brick_Wall_(natural)"", ""world_image_url"": ""https://terraria.wiki.gg/images/Obsidian_Brick_Wall_%28placed%29.png?format=original""}, {""wall_id"": 20, ""is_safe"": 1, ""internal_name"": ""ObsidianBrick"", ""name"": ""Obsidian Brick Wall"", ""page_url"": ""https://terraria.wiki.gg/wiki/Obsidian_Brick_Wall"", ""world_image_url"": ""https://terraria.wiki.gg/images/Obsidian_Brick_Wall_%28placed%29.png?format=original""}]",https://terraria.wiki.gg/images/Obsidian_Brick_Wall.png?format=original,https://terraria.wiki.gg/images/Obsidian_Brick_Wall_%28placed%29.png?format=original,https://terraria.wiki.gg/images/Obsidian_Brick_Wall_%28placed%29.png?format=original,images/walls/inventory/403_obsidian_brick_wall_inventory.png,images/walls/world/403_obsidian_brick_wall_world.png,images/walls/color/403_obsidian_brick_wall_color.png,ok,,False,https://terraria.wiki.gg/images/3/30/Obsidian_Brick_Wall_%28placed%29.png?format=original,12,17,inserted,410
404,Offline Emerald Gemspark Wall,Offline Emerald Gemspark Wall,Gem Walls,https://terraria.wiki.gg/wiki/Offline_Gemspark_Walls,2684,160,"[{""wall_id"": 160, ""is_safe"": 1, ""internal_name"": ""EmeraldGemsparkOff"", ""name"": ""Offline Emerald Gemspark Wall"", ""page_url"": ""https://terraria.wiki.gg/wiki/Gemspark_Walls"", ""world_image_url"": ""https://terraria.wiki.gg/images/Offline_Emerald_Gemspark_Wall_%28placed%29.png?format=original""}]",https://terraria.wiki.gg/images/Offline_Emerald_Gemspark_Wall.png?format=original,https://terraria.wiki.gg/images/Offline_Emerald_Gemspark_Wall_%28placed%29.png?format=original,https://terraria.wiki.gg/images/Offline_Emerald_Gemspark_Wall_%28placed%29.png?format=original,images/walls/inventory/404_offline_emerald_gemspark_wall_inventory.png,images/walls/world/404_offline_emerald_gemspark_wall_world.png,images/walls/color/404_offline_emerald_gemspark_wall_color.png,ok,,True,https://terraria.wiki.gg/images/9/95/Offline_Emerald_Gemspark_Wall_%28placed%29.png?format=original,12,21,inserted,411
405,Bone Block Wall,Bone Block Wall,Decorative Walls,https://terraria.wiki.gg/wiki/Bone_Block_Wall,768,75,"[{""wall_id"": 75, ""is_safe"": 1, ""internal_name"": ""Bone"", ""name"": ""Bone Block Wall"", ""page_url"": ""https://terraria.wiki.gg/wiki/Bone_Block_Wall"", ""world_image_url"": ""https://terraria.wiki.gg/images/Bone_Block_Wall_%28placed%29.png?format=original""}]",https://terraria.wiki.gg/images/Bone_Block_Wall.png?format=original,https://terraria.wiki.gg/images/Bone_Block_Wall_%28placed%29.png?format=original,https://terraria.wiki.gg/images/Bone_Block_Wall_%28placed%29.png?format=original,images/walls/inventory/405_bone_block_wall_inventory.png,images/walls/world/405_bone_block_wall_world.png,images/walls/color/405_bone_block_wall_color.png,ok,,False,https://terraria.wiki.gg/images/a/a4/Bone_Block_Wall_%28placed%29.png?format=original,12,25,inserted,412
406,Tungsten Brick Wall,Tungsten Brick Wall,Metal Walls,https://terraria.wiki.gg/wiki/Tungsten_Brick_Wall,721,46,"[{""wall_id"": 46, ""is_safe"": 1, ""internal_name"": ""TungstenBrick"", ""name"": ""Tungsten Brick Wall"", ""page_url"": ""https://terraria.wiki.gg/wiki/Tungsten_Brick_Wall"", ""world_image_url"": ""https://terraria.wiki.gg/images/Tungsten_Brick_Wall_%28placed%29.png?format=original""}]",https://terraria.wiki.gg/images/Tungsten_Brick_Wall.png?format=original,https://terraria.wiki.gg/images/Tungsten_Brick_Wall_%28placed%29.png?format=original,https://terraria.wiki.gg/images/Tungsten_Brick_Wall_%28placed%29.png?format=original,images/walls/inventory/406_tungsten_brick_wall_inventory.png,images/walls/world/406_tungsten_brick_wall_world.png,images/walls/color/406_tungsten_brick_wall_color.png,ok,,False,https://terraria.wiki.gg/images/9/92/Tungsten_Brick_Wall_%28placed%29.png?format=original,12,29,inserted,413
407,Fancy Gray Wallpaper,Fancy Gray Wallpaper,Wallpaper,https://terraria.wiki.gg/wiki/Wallpapers,2008,126,"[{""wall_id"": 126, ""is_safe"": 1, ""internal_name"": ""FancyGrayWallpaper"", ""name"": ""Fancy Gray Wallpaper"", ""page_url"": ""https://terraria.wiki.gg/wiki/Wallpapers"", ""world_image_url"": ""https://terraria.wiki.gg/images/Fancy_Gray_Wallpaper_%28placed%29.png?format=original""}]",https://terraria.wiki.gg/images/Fancy_Gray_Wallpaper.png?format=original,https://terraria.wiki.gg/images/Fancy_Gray_Wallpaper_%28placed%29.png?format=original,https://terraria.wiki.gg/images/Fancy_Gray_Wallpaper_%28placed%29.png?format=original,images/walls/inventory/407_fancy_gray_wallpaper_inventory.png,images/walls/world/407_fancy_gray_wallpaper_world.png,images/walls/color/407_fancy_gray_wallpaper_color.png,ok,,True,https://terraria.wiki.gg/images/7/75/Fancy_Gray_Wallpaper_%28placed%29.png?format=original,12,33,inserted,414
356,Cursed Pink Tiled Wall,Pink Tiled Wall,Dungeon Walls,https://terraria.wiki.gg/wiki/Dungeon_Brick_Walls,1381,103,"[{""wall_id"": 97, ""is_safe"": 0, ""internal_name"": ""PinkDungeonTileUnsafe"", ""name"": ""Pink Tiled Wall"", ""page_url"": ""https://terraria.wiki.gg/wiki/Dungeon_Brick_Walls"", ""world_image_url"": ""https://terraria.wiki.gg/images/Pink_Tiled_Wall_%28placed%29.png?format=original""}]",https://terraria.wiki.gg/images/Pink_Tiled_Wall.png?format=original,https://terraria.wiki.gg/images/Pink_Tiled_Wall_%28placed%29.png?format=original,https://terraria.wiki.gg/images/Pink_Tiled_Wall_%28placed%29.png?format=original,images/walls/inventory/356_pink_tiled_wall_inventory.png,images/walls/world/356_pink_tiled_wall_world.png,images/walls/color/356_pink_tiled_wall_color.png,ok,,True,https://terraria.wiki.gg/images/5/57/Pink_Tiled_Wall_%28placed%29.png?format=original,12,37,merged,415
408,Grass Wall,Grass Wall,Soil Walls,https://terraria.wiki.gg/wiki/Grass_Wall,745,66,"[{""wall_id"": 63, ""is_safe"": 0, ""internal_name"": ""GrassUnsafe"", ""name"": ""Grass Wall"", ""page_url"": ""https://terraria.wiki.gg/wiki/Grass_Wall"", ""world_image_url"": ""https://terraria.wiki.gg/images/Grass_Wall_%28placed%29.png?format=original""}, {""wall_id"": 66, ""is_safe"": 1, ""internal_name"": ""Grass"", ""name"": ""Grass Wall"", ""page_url"": ""https://terraria.wiki.gg/wiki/Grass_Wall"", ""world_image_url"": ""https://terraria.wiki.gg/images/Grass_Wall_%28placed%29.png?format=original""}]",https://terraria.wiki.gg/images/Grass_Wall.png?format=original,https://terraria.wiki.gg/images/Grass_Wall_%28placed%29.png?format=original,https://terraria.wiki.gg/images/Grass_Wall_%28placed%29.png?format=original,images/walls/inventory/408_grass_wall_inventory.png,images/walls/world/408_grass_wall_world.png,images/walls/color/408_grass_wall_color.png,ok,,False,https://terraria.wiki.gg/images/b/b5/Grass_Wall_%28placed%29.png?format=original,13,1,inserted,416
409,Planked Wall,Planked Wall,Wood Walls,https://terraria.wiki.gg/wiki/Planked_Wall,479,27,"[{""wall_id"": 27, ""is_safe"": 1, ""internal_name"": ""Planked"", ""name"": ""Planked Wall"", ""page_url"": ""https://terraria.wiki.gg/wiki/Planked_Wall"", ""world_image_url"": ""https://terraria.wiki.gg/images/Planked_Wall_%28placed%29.png?format=original""}]",https://terraria.wiki.gg/images/Planked_Wall.png?format=original,https://terraria.wiki.gg/images/Planked_Wall_%28placed%29.png?format=original,https://terraria.wiki.gg/images/Planked_Wall_%28placed%29.png?format=original,images/walls/inventory/409_planked_wall_inventory.png,images/walls/world/409_planked_wall_world.png,images/walls/color/409_planked_wall_color.png,ok,,False,https://terraria.wiki.gg/images/b/b1/Planked_Wall_%28placed%29.png?format=original,13,9,inserted,417
410,Smooth Marble Wall,Smooth Marble Wall,Stone Walls,https://terraria.wiki.gg/wiki/Smooth_Marble_Wall,3083,179,"[{""wall_id"": 179, ""is_safe"": 1, ""internal_name"": ""MarbleBlock"", ""name"": ""Smooth Marble Wall"", ""page_url"": ""https://terraria.wiki.gg/wiki/Smooth_Marble_Wall"", ""world_image_url"": ""https://terraria.wiki.gg/images/Smooth_Marble_Wall_%28placed%29.png?format=original""}]",https://terraria.wiki.gg/images/Smooth_Marble_Wall.png?format=original,https://terraria.wiki.gg/images/Smooth_Marble_Wall_%28placed%29.png?format=original,https://terraria.wiki.gg/images/Smooth_Marble_Wall_%28placed%29.png?format=original,images/walls/inventory/410_smooth_marble_wall_inventory.png,images/walls/world/410_smooth_marble_wall_world.png,images/walls/color/410_smooth_marble_wall_color.png,ok,,False,https://terraria.wiki.gg/images/c/c3/Smooth_Marble_Wall_%28placed%29.png?format=original,13,13,inserted,418
411,Iridescent Brick Wall,Iridescent Brick Wall,Brick Walls,https://terraria.wiki.gg/wiki/Iridescent_Brick_Wall,418,23,"[{""wall_id"": 23, ""is_safe"": 1, ""internal_name"": ""IridescentBrick"", ""name"": ""Iridescent Brick Wall"", ""page_url"": ""https://terraria.wiki.gg/wiki/Iridescent_Brick_Wall"", ""world_image_url"": ""https://terraria.wiki.gg/images/Iridescent_Brick_Wall_%28placed%29.png?format=original""}]",https://terraria.wiki.gg/images/Iridescent_Brick_Wall.png?format=original,https://terraria.wiki.gg/images/Iridescent_Brick_Wall_%28placed%29.png?format=original,https://terraria.wiki.gg/images/Iridescent_Brick_Wall_%28placed%29.png?format=original,images/walls/inventory/411_iridescent_brick_wall_inventory.png,images/walls/world/411_iridescent_brick_wall_world.png,images/walls/color/411_iridescent_brick_wall_color.png,ok,,False,https://terraria.wiki.gg/images/d/de/Iridescent_Brick_Wall_%28placed%29.png?format=original,13,17,inserted,419
412,Offline Ruby Gemspark Wall,Offline Ruby Gemspark Wall,Gem Walls,https://terraria.wiki.gg/wiki/Offline_Gemspark_Walls,2686,161,"[{""wall_id"": 161, ""is_safe"": 1, ""internal_name"": ""RubyGemsparkOff"", ""name"": ""Offline Ruby Gemspark Wall"", ""page_url"": ""https://terraria.wiki.gg/wiki/Gemspark_Walls"", ""world_image_url"": ""https://terraria.wiki.gg/images/Offline_Ruby_Gemspark_Wall_%28placed%29.png?format=original""}]",https://terraria.wiki.gg/images/Offline_Ruby_Gemspark_Wall.png?format=original,https://terraria.wiki.gg/images/Offline_Ruby_Gemspark_Wall_%28placed%29.png?format=original,https://terraria.wiki.gg/images/Offline_Ruby_Gemspark_Wall_%28placed%29.png?format=original,images/walls/inventory/412_offline_ruby_gemspark_wall_inventory.png,images/walls/world/412_offline_ruby_gemspark_wall_world.png,images/walls/color/412_offline_ruby_gemspark_wall_color.png,ok,,True,https://terraria.wiki.gg/images/b/b7/Offline_Ruby_Gemspark_Wall_%28placed%29.png?format=original,13,21,inserted,420
413,Slime Block Wall,Slime Block Wall,Decorative Walls,https://terraria.wiki.gg/wiki/Slime_Block_Wall,769,76,"[{""wall_id"": 76, ""is_safe"": 1, ""internal_name"": ""Slime"", ""name"": ""Slime Block Wall"", ""page_url"": ""https://terraria.wiki.gg/wiki/Slime_Block_Wall"", ""world_image_url"": ""https://terraria.wiki.gg/images/Slime_Block_Wall_%28placed%29.png?format=original""}]",https://terraria.wiki.gg/images/Slime_Block_Wall.png?format=original,https://terraria.wiki.gg/images/Slime_Block_Wall_%28placed%29.png?format=original,https://terraria.wiki.gg/images/Slime_Block_Wall_%28placed%29.png?format=original,images/walls/inventory/413_slime_block_wall_inventory.png,images/walls/world/413_slime_block_wall_world.png,images/walls/color/413_slime_block_wall_color.png,ok,,False,https://terraria.wiki.gg/images/6/6f/Slime_Block_Wall_%28placed%29.png?format=original,13,25,inserted,421
414,Gold Brick Wall,Gold Brick Wall,Metal Walls,https://terraria.wiki.gg/wiki/Gold_Brick_Wall,142,10,"[{""wall_id"": 10, ""is_safe"": 1, ""internal_name"": ""GoldBrick"", ""name"": ""Gold Brick Wall"", ""page_url"": ""https://terraria.wiki.gg/wiki/Gold_Brick_Wall"", ""world_image_url"": ""https://terraria.wiki.gg/images/Gold_Brick_Wall_%28placed%29.png?format=original""}]",https://terraria.wiki.gg/images/Gold_Brick_Wall.png?format=original,https://terraria.wiki.gg/images/Gold_Brick_Wall_%28placed%29.png?format=original,https://terraria.wiki.gg/images/Gold_Brick_Wall_%28placed%29.png?format=original,images/walls/inventory/414_gold_brick_wall_inventory.png,images/walls/world/414_gold_brick_wall_world.png,images/walls/color/414_gold_brick_wall_color.png,ok,,False,https://terraria.wiki.gg/images/8/89/Gold_Brick_Wall_%28placed%29.png?format=original,13,29,inserted,422
415,Ice Floe Wallpaper,Ice Floe Wallpaper,Wallpaper,https://terraria.wiki.gg/wiki/Wallpapers,2009,127,"[{""wall_id"": 127, ""is_safe"": 1, ""internal_name"": ""IceFloeWallpaper"", ""name"": ""Ice Floe Wallpaper"", ""page_url"": ""https://terraria.wiki.gg/wiki/Wallpapers"", ""world_image_url"": ""https://terraria.wiki.gg/images/Ice_Floe_Wallpaper_%28placed%29.png?format=original""}]",https://terraria.wiki.gg/images/Ice_Floe_Wallpaper.png?format=original,https://terraria.wiki.gg/images/Ice_Floe_Wallpaper_%28placed%29.png?format=original,https://terraria.wiki.gg/images/Ice_Floe_Wallpaper_%28placed%29.png?format=original,images/walls/inventory/415_ice_floe_wallpaper_inventory.png,images/walls/world/415_ice_floe_wallpaper_world.png,images/walls/color/415_ice_floe_wallpaper_color.png,ok,,True,https://terraria.wiki.gg/images/7/77/Ice_Floe_Wallpaper_%28placed%29.png?format=original,13,33,inserted,423
365,Cursed Green Brick Wall,Green Brick Wall,Dungeon Walls,https://terraria.wiki.gg/wiki/Dungeon_Brick_Walls,138,18,"[{""wall_id"": 8, ""is_safe"": 0, ""internal_name"": ""GreenDungeonUnsafe"", ""name"": ""Green Brick Wall"", ""page_url"": ""https://terraria.wiki.gg/wiki/Dungeon_Brick_Walls"", ""world_image_url"": ""https://terraria.wiki.gg/images/Green_Brick_Wall_%28placed%29.png?format=original""}]",https://terraria.wiki.gg/images/Green_Brick_Wall.png?format=original,https://terraria.wiki.gg/images/Green_Brick_Wall_%28placed%29.png?format=original,https://terraria.wiki.gg/images/Green_Brick_Wall_%28placed%29.png?format=original,images/walls/inventory/365_green_brick_wall_inventory.png,images/walls/world/365_green_brick_wall_world.png,images/walls/color/365_green_brick_wall_color.png,ok,,True,https://terraria.wiki.gg/images/b/bd/Green_Brick_Wall_%28placed%29.png?format=original,13,37,merged,424
416,Jungle Wall,Jungle Wall,Soil Walls,https://terraria.wiki.gg/wiki/Jungle_Wall,746,67,"[{""wall_id"": 64, ""is_safe"": 0, ""internal_name"": ""JungleUnsafe"", ""name"": ""Jungle Wall"", ""page_url"": ""https://terraria.wiki.gg/wiki/Jungle_Wall"", ""world_image_url"": ""https://terraria.wiki.gg/images/Jungle_Wall_%28placed%29.png?format=original""}, {""wall_id"": 67, ""is_safe"": 1, ""internal_name"": ""Jungle"", ""name"": ""Jungle Wall"", ""page_url"": ""https://terraria.wiki.gg/wiki/Jungle_Wall"", ""world_image_url"": ""https://terraria.wiki.gg/images/Jungle_Wall_%28placed%29.png?format=original""}]",https://terraria.wiki.gg/images/Jungle_Wall.png?format=original,https://terraria.wiki.gg/images/Jungle_Wall_%28placed%29.png?format=original,https://terraria.wiki.gg/images/Jungle_Wall_%28placed%29.png?format=original,images/walls/inventory/416_jungle_wall_inventory.png,images/walls/world/416_jungle_wall_world.png,images/walls/color/416_jungle_wall_color.png,ok,,False,https://terraria.wiki.gg/images/a/a1/Jungle_Wall_%28placed%29.png?format=original,14,1,inserted,425
417,White Dynasty Wall,White Dynasty Wall,Wood Walls,https://terraria.wiki.gg/wiki/Dynasty_Walls,2263,142,"[{""wall_id"": 142, ""is_safe"": 1, ""internal_name"": ""WhiteDynasty"", ""name"": ""White Dynasty Wall"", ""page_url"": ""https://terraria.wiki.gg/wiki/Dynasty_Walls"", ""world_image_url"": ""https://terraria.wiki.gg/images/White_Dynasty_Wall_%28placed%29.png?format=original""}]",https://terraria.wiki.gg/images/White_Dynasty_Wall.png?format=original,https://terraria.wiki.gg/images/White_Dynasty_Wall_%28placed%29.png?format=original,https://terraria.wiki.gg/images/White_Dynasty_Wall_%28placed%29.png?format=original,images/walls/inventory/417_white_dynasty_wall_inventory.png,images/walls/world/417_white_dynasty_wall_world.png,images/walls/color/417_white_dynasty_wall_color.png,ok,,True,https://terraria.wiki.gg/images/1/13/White_Dynasty_Wall_%28placed%29.png?format=original,14,9,inserted,426
418,Granite Wall,Granite Wall,Stone Walls,https://terraria.wiki.gg/wiki/Granite_Wall,3088,184,"[{""wall_id"": 180, ""is_safe"": 0, ""internal_name"": ""GraniteUnsafe"", ""name"": ""Granite Wall"", ""page_url"": ""https://terraria.wiki.gg/wiki/Granite_Wall"", ""world_image_url"": ""https://terraria.wiki.gg/images/Granite_Wall_%28placed%29.png?format=original""}, {""wall_id"": 184, ""is_safe"": 1, ""internal_name"": ""Granite"", ""name"": ""Granite Wall"", ""page_url"": ""https://terraria.wiki.gg/wiki/Granite_Wall"", ""world_image_url"": ""https://terraria.wiki.gg/images/Granite_Wall_%28placed%29.png?format=original""}]",https://terraria.wiki.gg/images/Granite_Wall.png?format=original,https://terraria.wiki.gg/images/Granite_Wall_%28placed%29.png?format=original,https://terraria.wiki.gg/images/Granite_Wall_%28placed%29.png?format=original,images/walls/inventory/418_granite_wall_inventory.png,images/walls/world/418_granite_wall_world.png,images/walls/color/418_granite_wall_color.png,ok,,False,https://terraria.wiki.gg/images/f/fc/Granite_Wall_%28placed%29.png?format=original,14,13,inserted,427
419,Pearlstone Brick Wall,Pearlstone Brick Wall,Brick Walls,https://terraria.wiki.gg/wiki/Pearlstone_Brick_Wall,417,22,"[{""wall_id"": 22, ""is_safe"": 1, ""internal_name"": ""PearlstoneBrick"", ""name"": ""Pearlstone Brick Wall"", ""page_url"": ""https://terraria.wiki.gg/wiki/Pearlstone_Brick_Wall"", ""world_image_url"": ""https://terraria.wiki.gg/images/Pearlstone_Brick_Wall_%28placed%29.png?format=original""}]",https://terraria.wiki.gg/images/Pearlstone_Brick_Wall.png?format=original,https://terraria.wiki.gg/images/Pearlstone_Brick_Wall_%28placed%29.png?format=original,https://terraria.wiki.gg/images/Pearlstone_Brick_Wall_%28placed%29.png?format=original,images/walls/inventory/419_pearlstone_brick_wall_inventory.png,images/walls/world/419_pearlstone_brick_wall_world.png,images/walls/color/419_pearlstone_brick_wall_color.png,ok,,False,https://terraria.wiki.gg/images/e/ea/Pearlstone_Brick_Wall_%28placed%29.png?format=original,14,17,inserted,428
420,Offline Diamond Gemspark Wall,Offline Diamond Gemspark Wall,Gem Walls,https://terraria.wiki.gg/wiki/Offline_Gemspark_Walls,2682,159,"[{""wall_id"": 159, ""is_safe"": 1, ""internal_name"": ""DiamondGemsparkOff"", ""name"": ""Offline Diamond Gemspark Wall"", ""page_url"": ""https://terraria.wiki.gg/wiki/Gemspark_Walls"", ""world_image_url"": ""https://terraria.wiki.gg/images/Offline_Diamond_Gemspark_Wall_%28placed%29.png?format=original""}]",https://terraria.wiki.gg/images/Offline_Diamond_Gemspark_Wall.png?format=original,https://terraria.wiki.gg/images/Offline_Diamond_Gemspark_Wall_%28placed%29.png?format=original,https://terraria.wiki.gg/images/Offline_Diamond_Gemspark_Wall_%28placed%29.png?format=original,images/walls/inventory/420_offline_diamond_gemspark_wall_inventory.png,images/walls/world/420_offline_diamond_gemspark_wall_world.png,images/walls/color/420_offline_diamond_gemspark_wall_color.png,ok,,True,https://terraria.wiki.gg/images/4/41/Offline_Diamond_Gemspark_Wall_%28placed%29.png?format=original,14,21,inserted,429
421,Spike Wall,Spike Wall,Decorative Walls,https://terraria.wiki.gg/wiki/Spike_Wall,6043,362,"[{""wall_id"": 362, ""is_safe"": 1, ""internal_name"": ""SpikeBlockWall"", ""name"": ""Spike Wall"", ""page_url"": ""https://terraria.wiki.gg/wiki/Spike_Wall"", ""world_image_url"": ""https://terraria.wiki.gg/images/Spike_Wall_%28placed%29.png?format=original""}]",https://terraria.wiki.gg/images/Spike_Wall.png?format=original,https://terraria.wiki.gg/images/Spike_Wall_%28placed%29.png?format=original,https://terraria.wiki.gg/images/Spike_Wall_%28placed%29.png?format=original,images/walls/inventory/421_spike_wall_inventory.png,images/walls/world/421_spike_wall_world.png,images/walls/color/421_spike_wall_color.png,ok,,False,https://terraria.wiki.gg/images/Spike_Wall_%28placed%29.png?f501ab?format=original,14,25,inserted,430
422,Platinum Brick Wall,Platinum Brick Wall,Metal Walls,https://terraria.wiki.gg/wiki/Platinum_Brick_Wall,722,47,"[{""wall_id"": 47, ""is_safe"": 1, ""internal_name"": ""PlatinumBrick"", ""name"": ""Platinum Brick Wall"", ""page_url"": ""https://terraria.wiki.gg/wiki/Platinum_Brick_Wall"", ""world_image_url"": ""https://terraria.wiki.gg/images/Platinum_Brick_Wall_%28placed%29.png?format=original""}]",https://terraria.wiki.gg/images/Platinum_Brick_Wall.png?format=original,https://terraria.wiki.gg/images/Platinum_Brick_Wall_%28placed%29.png?format=original,https://terraria.wiki.gg/images/Platinum_Brick_Wall_%28placed%29.png?format=original,images/walls/inventory/422_platinum_brick_wall_inventory.png,images/walls/world/422_platinum_brick_wall_world.png,images/walls/color/422_platinum_brick_wall_color.png,ok,,False,https://terraria.wiki.gg/images/a/af/Platinum_Brick_Wall_%28placed%29.png?format=original,14,29,inserted,431
423,Music Wallpaper,Music Wallpaper,Wallpaper,https://terraria.wiki.gg/wiki/Wallpapers,2010,128,"[{""wall_id"": 128, ""is_safe"": 1, ""internal_name"": ""MusicWallpaper"", ""name"": ""Music Wallpaper"", ""page_url"": ""https://terraria.wiki.gg/wiki/Wallpapers"", ""world_image_url"": ""https://terraria.wiki.gg/images/Music_Wallpaper_%28placed%29.png?format=original""}]",https://terraria.wiki.gg/images/Music_Wallpaper.png?format=original,https://terraria.wiki.gg/images/Music_Wallpaper_%28placed%29.png?format=original,https://terraria.wiki.gg/images/Music_Wallpaper_%28placed%29.png?format=original,images/walls/inventory/423_music_wallpaper_inventory.png,images/walls/world/423_music_wallpaper_world.png,images/walls/color/423_music_wallpaper_color.png,ok,,True,https://terraria.wiki.gg/images/b/b6/Music_Wallpaper_%28placed%29.png?format=original,14,33,inserted,432
374,Cursed Green Slab Wall,Green Slab Wall,Dungeon Walls,https://terraria.wiki.gg/wiki/Dungeon_Brick_Walls,1382,104,"[{""wall_id"": 98, ""is_safe"": 0, ""internal_name"": ""GreenDungeonSlabUnsafe"", ""name"": ""Green Slab Wall"", ""page_url"": ""https://terraria.wiki.gg/wiki/Dungeon_Brick_Walls"", ""world_image_url"": ""https://terraria.wiki.gg/images/Green_Slab_Wall_%28placed%29.png?format=original""}]",https://terraria.wiki.gg/images/Green_Slab_Wall.png?format=original,https://terraria.wiki.gg/images/Green_Slab_Wall_%28placed%29.png?format=original,https://terraria.wiki.gg/images/Green_Slab_Wall_%28placed%29.png?format=original,images/walls/inventory/374_green_slab_wall_inventory.png,images/walls/world/374_green_slab_wall_world.png,images/walls/color/374_green_slab_wall_color.png,ok,,True,https://terraria.wiki.gg/images/0/0c/Green_Slab_Wall_%28placed%29.png?format=original,14,37,merged,433
424,Flower Wall,Flower Wall,Soil Walls,https://terraria.wiki.gg/wiki/Flower_Wall,747,68,"[{""wall_id"": 65, ""is_safe"": 0, ""internal_name"": ""FlowerUnsafe"", ""name"": ""Flower Wall"", ""page_url"": ""https://terraria.wiki.gg/wiki/Flower_Wall"", ""world_image_url"": ""https://terraria.wiki.gg/images/Flower_Wall_%28placed%29.png?format=original""}, {""wall_id"": 68, ""is_safe"": 1, ""internal_name"": ""Flower"", ""name"": ""Flower Wall"", ""page_url"": ""https://terraria.wiki.gg/wiki/Flower_Wall"", ""world_image_url"": ""https://terraria.wiki.gg/images/Flower_Wall_%28placed%29.png?format=original""}]",https://terraria.wiki.gg/images/Flower_Wall.png?format=original,https://terraria.wiki.gg/images/Flower_Wall_%28placed%29.png?format=original,https://terraria.wiki.gg/images/Flower_Wall_%28placed%29.png?format=original,images/walls/inventory/424_flower_wall_inventory.png,images/walls/world/424_flower_wall_world.png,images/walls/color/424_flower_wall_color.png,ok,,False,https://terraria.wiki.gg/images/3/3b/Flower_Wall_%28placed%29.png?format=original,15,1,inserted,434
425,Blue Dynasty Wall,Blue Dynasty Wall,Wood Walls,https://terraria.wiki.gg/wiki/Dynasty_Walls,2264,143,"[{""wall_id"": 143, ""is_safe"": 1, ""internal_name"": ""BlueDynasty"", ""name"": ""Blue Dynasty Wall"", ""page_url"": ""https://terraria.wiki.gg/wiki/Dynasty_Walls"", ""world_image_url"": ""https://terraria.wiki.gg/images/Blue_Dynasty_Wall_%28placed%29.png?format=original""}]",https://terraria.wiki.gg/images/Blue_Dynasty_Wall.png?format=original,https://terraria.wiki.gg/images/Blue_Dynasty_Wall_%28placed%29.png?format=original,https://terraria.wiki.gg/images/Blue_Dynasty_Wall_%28placed%29.png?format=original,images/walls/inventory/425_blue_dynasty_wall_inventory.png,images/walls/world/425_blue_dynasty_wall_world.png,images/walls/color/425_blue_dynasty_wall_color.png,ok,,True,https://terraria.wiki.gg/images/b/b3/Blue_Dynasty_Wall_%28placed%29.png?format=original,15,9,inserted,435
426,Smooth Granite Wall,Smooth Granite Wall,Stone Walls,https://terraria.wiki.gg/wiki/Smooth_Granite_Wall,3089,181,"[{""wall_id"": 181, ""is_safe"": 1, ""internal_name"": ""GraniteBlock"", ""name"": ""Smooth Granite Wall"", ""page_url"": ""https://terraria.wiki.gg/wiki/Smooth_Granite_Wall"", ""world_image_url"": ""https://terraria.wiki.gg/images/Smooth_Granite_Wall_%28placed%29.png?format=original""}]",https://terraria.wiki.gg/images/Smooth_Granite_Wall.png?format=original,https://terraria.wiki.gg/images/Smooth_Granite_Wall_%28placed%29.png?format=original,https://terraria.wiki.gg/images/Smooth_Granite_Wall_%28placed%29.png?format=original,images/walls/inventory/426_smooth_granite_wall_inventory.png,images/walls/world/426_smooth_granite_wall_world.png,images/walls/color/426_smooth_granite_wall_color.png,ok,,False,https://terraria.wiki.gg/images/1/12/Smooth_Granite_Wall_%28placed%29.png?format=original,15,13,inserted,436
427,Lihzahrd Brick Wall,Lihzahrd Brick Wall,Brick Walls,https://terraria.wiki.gg/wiki/Lihzahrd_Brick_Wall,1102,112,"[{""wall_id"": 87, ""is_safe"": 0, ""internal_name"": ""LihzahrdBrickUnsafe"", ""name"": ""Lihzahrd Brick Wall"", ""page_url"": ""https://terraria.wiki.gg/wiki/Lihzahrd_Brick_Wall"", ""world_image_url"": ""https://terraria.wiki.gg/images/Lihzahrd_Brick_Wall_%28placed%29.png?format=original""}, {""wall_id"": 112, ""is_safe"": 1, ""internal_name"": ""LihzahrdBrick"", ""name"": ""Lihzahrd Brick Wall"", ""page_url"": ""https://terraria.wiki.gg/wiki/Lihzahrd_Brick_Wall"", ""world_image_url"": ""https://terraria.wiki.gg/images/Lihzahrd_Brick_Wall_%28placed%29.png?format=original""}]",https://terraria.wiki.gg/images/Lihzahrd_Brick_Wall.png?format=original,https://terraria.wiki.gg/images/Lihzahrd_Brick_Wall_%28placed%29.png?format=original,https://terraria.wiki.gg/images/Lihzahrd_Brick_Wall_%28placed%29.png?format=original,images/walls/inventory/427_lihzahrd_brick_wall_inventory.png,images/walls/world/427_lihzahrd_brick_wall_world.png,images/walls/color/427_lihzahrd_brick_wall_color.png,ok,,False,https://terraria.wiki.gg/images/a/a3/Lihzahrd_Brick_Wall_%28placed%29.png?format=original,15,17,inserted,437
428,Offline Amber Gemspark Wall,Offline Amber Gemspark Wall,Gem Walls,https://terraria.wiki.gg/wiki/Offline_Gemspark_Walls,2678,157,"[{""wall_id"": 157, ""is_safe"": 1, ""internal_name"": ""AmberGemsparkOff"", ""name"": ""Offline Amber Gemspark Wall"", ""page_url"": ""https://terraria.wiki.gg/wiki/Gemspark_Walls"", ""world_image_url"": ""https://terraria.wiki.gg/images/Offline_Amber_Gemspark_Wall_%28placed%29.png?format=original""}]",https://terraria.wiki.gg/images/Offline_Amber_Gemspark_Wall.png?format=original,https://terraria.wiki.gg/images/Offline_Amber_Gemspark_Wall_%28placed%29.png?format=original,https://terraria.wiki.gg/images/Offline_Amber_Gemspark_Wall_%28placed%29.png?format=original,images/walls/inventory/428_offline_amber_gemspark_wall_inventory.png,images/walls/world/428_offline_amber_gemspark_wall_world.png,images/walls/color/428_offline_amber_gemspark_wall_color.png,ok,,True,https://terraria.wiki.gg/images/8/82/Offline_Amber_Gemspark_Wall_%28placed%29.png?format=original,15,21,inserted,438
429,Flinx Fur Block,Flinx Fur Wall,Decorative Walls,https://terraria.wiki.gg/wiki/Flinx_Fur_Wall,5925,356,"[{""wall_id"": 356, ""is_safe"": 1, ""internal_name"": ""FlinxFurBlockWall"", ""name"": ""Flinx Fur Wall"", ""page_url"": ""https://terraria.wiki.gg/wiki/Flinx_Fur_Wall"", ""world_image_url"": ""https://terraria.wiki.gg/images/Flinx_Fur_Wall_%28placed%29.png?format=original""}]",https://terraria.wiki.gg/images/Flinx_Fur_Wall.png?format=original,https://terraria.wiki.gg/images/Flinx_Fur_Wall_%28placed%29.png?format=original,https://terraria.wiki.gg/images/Flinx_Fur_Wall_%28placed%29.png?format=original,images/walls/inventory/429_flinx_fur_wall_inventory.png,images/walls/world/429_flinx_fur_wall_world.png,images/walls/color/429_flinx_fur_wall_color.png,review,source_name_alias: Flinx Fur Block -> Flinx Fur Wall,False,https://terraria.wiki.gg/images/Flinx_Fur_Wall_%28placed%29.png?252661?format=original,15,25,inserted,439
430,Demonite Brick Wall,Demonite Brick Wall,Metal Walls,https://terraria.wiki.gg/wiki/Demonite_Brick_Wall,606,33,"[{""wall_id"": 33, ""is_safe"": 1, ""internal_name"": ""DemoniteBrick"", ""name"": ""Demonite Brick Wall"", ""page_url"": ""https://terraria.wiki.gg/wiki/Demonite_Brick_Wall"", ""world_image_url"": ""https://terraria.wiki.gg/images/Demonite_Brick_Wall_%28placed%29.png?format=original""}]",https://terraria.wiki.gg/images/Demonite_Brick_Wall.png?format=original,https://terraria.wiki.gg/images/Demonite_Brick_Wall_%28placed%29.png?format=original,https://terraria.wiki.gg/images/Demonite_Brick_Wall_%28placed%29.png?format=original,images/walls/inventory/430_demonite_brick_wall_inventory.png,images/walls/world/430_demonite_brick_wall_world.png,images/walls/color/430_demonite_brick_wall_color.png,ok,,False,https://terraria.wiki.gg/images/4/41/Demonite_Brick_Wall_%28placed%29.png?format=original,15,29,inserted,440
431,Purple Rain Wallpaper,Purple Rain Wallpaper,Wallpaper,https://terraria.wiki.gg/wiki/Wallpapers,2011,129,"[{""wall_id"": 129, ""is_safe"": 1, ""internal_name"": ""PurpleRainWallpaper"", ""name"": ""Purple Rain Wallpaper"", ""page_url"": ""https://terraria.wiki.gg/wiki/Wallpapers"", ""world_image_url"": ""https://terraria.wiki.gg/images/Purple_Rain_Wallpaper_%28placed%29.png?format=original""}]",https://terraria.wiki.gg/images/Purple_Rain_Wallpaper.png?format=original,https://terraria.wiki.gg/images/Purple_Rain_Wallpaper_%28placed%29.png?format=original,https://terraria.wiki.gg/images/Purple_Rain_Wallpaper_%28placed%29.png?format=original,images/walls/inventory/431_purple_rain_wallpaper_inventory.png,images/walls/world/431_purple_rain_wallpaper_world.png,images/walls/color/431_purple_rain_wallpaper_color.png,ok,,True,https://terraria.wiki.gg/images/e/ea/Purple_Rain_Wallpaper_%28placed%29.png?format=original,15,33,inserted,441
383,Cursed Green Tiled Wall,Green Tiled Wall,Dungeon Walls,https://terraria.wiki.gg/wiki/Dungeon_Brick_Walls,1383,105,"[{""wall_id"": 99, ""is_safe"": 0, ""internal_name"": ""GreenDungeonTileUnsafe"", ""name"": ""Green Tiled Wall"", ""page_url"": ""https://terraria.wiki.gg/wiki/Dungeon_Brick_Walls"", ""world_image_url"": ""https://terraria.wiki.gg/images/Green_Tiled_Wall_%28placed%29.png?format=original""}]",https://terraria.wiki.gg/images/Green_Tiled_Wall.png?format=original,https://terraria.wiki.gg/images/Green_Tiled_Wall_%28placed%29.png?format=original,https://terraria.wiki.gg/images/Green_Tiled_Wall_%28placed%29.png?format=original,images/walls/inventory/383_green_tiled_wall_inventory.png,images/walls/world/383_green_tiled_wall_world.png,images/walls/color/383_green_tiled_wall_color.png,ok,,True,https://terraria.wiki.gg/images/7/76/Green_Tiled_Wall_%28placed%29.png?format=original,15,37,merged,442
432,Corrupt Grass Wall,Corrupt Grass Wall,Soil Walls,https://terraria.wiki.gg/wiki/Corrupt_Grass_Wall,4504,264,"[{""wall_id"": 69, ""is_safe"": 0, ""internal_name"": ""CorruptGrassUnsafe"", ""name"": ""Corrupt Grass Wall"", ""page_url"": ""https://terraria.wiki.gg/wiki/Corrupt_Grass_Wall"", ""world_image_url"": ""https://terraria.wiki.gg/images/Corrupt_Grass_Wall_%28placed%29.png?format=original""}, {""wall_id"": 264, ""is_safe"": 1, ""internal_name"": ""CorruptGrassEcho"", ""name"": ""Corrupt Grass Wall"", ""page_url"": ""https://terraria.wiki.gg/wiki/Corrupt_Grass_Wall"", ""world_image_url"": ""https://terraria.wiki.gg/images/Corrupt_Grass_Wall_%28placed%29.png?format=original""}]",https://terraria.wiki.gg/images/Corrupt_Grass_Wall.png?format=original,https://terraria.wiki.gg/images/Corrupt_Grass_Wall_%28placed%29.png?format=original,https://terraria.wiki.gg/images/Corrupt_Grass_Wall_%28placed%29.png?format=original,images/walls/inventory/432_corrupt_grass_wall_inventory.png,images/walls/world/432_corrupt_grass_wall_world.png,images/walls/color/432_corrupt_grass_wall_color.png,ok,,False,https://terraria.wiki.gg/images/5/56/Corrupt_Grass_Wall_%28placed%29.png?format=original,16,1,inserted,443
433,Cactus Wall,Cactus Wall,Wood Walls,https://terraria.wiki.gg/wiki/Cactus_Wall,750,72,"[{""wall_id"": 72, ""is_safe"": 1, ""internal_name"": ""Cactus"", ""name"": ""Cactus Wall"", ""page_url"": ""https://terraria.wiki.gg/wiki/Cactus_Wall"", ""world_image_url"": ""https://terraria.wiki.gg/images/Cactus_Wall_%28placed%29.png?format=original""}]",https://terraria.wiki.gg/images/Cactus_Wall.png?format=original,https://terraria.wiki.gg/images/Cactus_Wall_%28placed%29.png?format=original,https://terraria.wiki.gg/images/Cactus_Wall_%28placed%29.png?format=original,images/walls/inventory/433_cactus_wall_inventory.png,images/walls/world/433_cactus_wall_world.png,images/walls/color/433_cactus_wall_color.png,ok,,False,https://terraria.wiki.gg/images/6/6e/Cactus_Wall_%28placed%29.png?format=original,16,9,inserted,444
434,Ebonstone Wall,Ebonstone Wall,Stone Walls,https://terraria.wiki.gg/wiki/Ebonstone_Wall,4486,246,"[{""wall_id"": 3, ""is_safe"": 0, ""internal_name"": ""EbonstoneUnsafe"", ""name"": ""Ebonstone Wall"", ""page_url"": ""https://terraria.wiki.gg/wiki/Ebonstone_Wall"", ""world_image_url"": ""https://terraria.wiki.gg/images/Ebonstone_Wall_%28placed%29.png?format=original""}, {""wall_id"": 246, ""is_safe"": 1, ""internal_name"": ""EbonstoneEcho"", ""name"": ""Ebonstone Wall"", ""page_url"": ""https://terraria.wiki.gg/wiki/Ebonstone_Wall"", ""world_image_url"": ""https://terraria.wiki.gg/images/Ebonstone_Wall_%28placed%29.png?format=original""}]",https://terraria.wiki.gg/images/Ebonstone_Wall.png?format=original,https://terraria.wiki.gg/images/Ebonstone_Wall_%28placed%29.png?format=original,https://terraria.wiki.gg/images/Ebonstone_Wall_%28placed%29.png?format=original,images/walls/inventory/434_ebonstone_wall_inventory.png,images/walls/world/434_ebonstone_wall_world.png,images/walls/color/434_ebonstone_wall_color.png,ok,,False,https://terraria.wiki.gg/images/6/68/Ebonstone_Wall_%28placed%29.png?format=original,16,13,inserted,445
435,Lava Moss Brick Wall,Lava Moss Brick Wall,Brick Walls,https://terraria.wiki.gg/wiki/Lava_Moss_Brick_Wall,5445,341,"[{""wall_id"": 341, ""is_safe"": 1, ""internal_name"": ""LavaMossBlockWall"", ""name"": ""Lava Moss Brick Wall"", ""page_url"": ""https://terraria.wiki.gg/wiki/Lava_Moss_Brick_Wall"", ""world_image_url"": ""https://terraria.wiki.gg/images/Lava_Moss_Brick_Wall_%28placed%29.png?format=original""}]",https://terraria.wiki.gg/images/Lava_Moss_Brick_Wall.png?format=original,https://terraria.wiki.gg/images/Lava_Moss_Brick_Wall_%28placed%29.png?format=original,https://terraria.wiki.gg/images/Lava_Moss_Brick_Wall_%28placed%29.png?format=original,images/walls/inventory/435_lava_moss_brick_wall_inventory.png,images/walls/world/435_lava_moss_brick_wall_world.png,images/walls/color/435_lava_moss_brick_wall_color.png,ok,,False,https://terraria.wiki.gg/images/c/c7/Lava_Moss_Brick_Wall_%28placed%29.png?format=original,16,17,inserted,446
436,Amethyst Stone Wall,Amethyst Stone Wall,Gem Walls,https://terraria.wiki.gg/wiki/Gemstone_Walls,4490,250,"[{""wall_id"": 48, ""is_safe"": 0, ""internal_name"": ""AmethystUnsafe"", ""name"": ""Amethyst Stone Wall"", ""page_url"": ""https://terraria.wiki.gg/wiki/Amethyst_Stone_Wall"", ""world_image_url"": ""https://terraria.wiki.gg/images/Amethyst_Stone_Wall_%28placed%29.png?format=original""}, {""wall_id"": 250, ""is_safe"": 1, ""internal_name"": ""AmethystEcho"", ""name"": ""Amethyst Stone Wall"", ""page_url"": ""https://terraria.wiki.gg/wiki/Gemstone_Walls"", ""world_image_url"": ""https://terraria.wiki.gg/images/Amethyst_Stone_Wall_%28placed%29.png?format=original""}]",https://terraria.wiki.gg/images/Amethyst_Stone_Wall.png?format=original,https://terraria.wiki.gg/images/Amethyst_Stone_Wall_%28placed%29.png?format=original,https://terraria.wiki.gg/images/Amethyst_Stone_Wall_%28placed%29.png?format=original,images/walls/inventory/436_amethyst_stone_wall_inventory.png,images/walls/world/436_amethyst_stone_wall_world.png,images/walls/color/436_amethyst_stone_wall_color.png,ok,,True,https://terraria.wiki.gg/images/4/43/Amethyst_Stone_Wall_%28placed%29.png?format=original,16,21,inserted,447
437,Lesion Block Wall,Lesion Block Wall,Decorative Walls,https://terraria.wiki.gg/wiki/Lesion_Block_Wall,3956,233,"[{""wall_id"": 233, ""is_safe"": 1, ""internal_name"": ""LesionBlock"", ""name"": ""Lesion Block Wall"", ""page_url"": ""https://terraria.wiki.gg/wiki/Lesion_Block_Wall"", ""world_image_url"": ""https://terraria.wiki.gg/images/Lesion_Block_Wall_%28placed%29.png?format=original""}]",https://terraria.wiki.gg/images/Lesion_Block_Wall.png?format=original,https://terraria.wiki.gg/images/Lesion_Block_Wall_%28placed%29.png?format=original,https://terraria.wiki.gg/images/Lesion_Block_Wall_%28placed%29.png?format=original,images/walls/inventory/437_lesion_block_wall_inventory.png,images/walls/world/437_lesion_block_wall_world.png,images/walls/color/437_lesion_block_wall_color.png,ok,,False,https://terraria.wiki.gg/images/c/c6/Lesion_Block_Wall_%28placed%29.png?format=original,16,25,inserted,448
438,Crimtane Brick Wall,Crimtane Brick Wall,Metal Walls,https://terraria.wiki.gg/wiki/Crimtane_Brick_Wall,2790,174,"[{""wall_id"": 174, ""is_safe"": 1, ""internal_name"": ""CrimtaneBrick"", ""name"": ""Crimtane Brick Wall"", ""page_url"": ""https://terraria.wiki.gg/wiki/Crimtane_Brick_Wall"", ""world_image_url"": ""https://terraria.wiki.gg/images/Crimtane_Brick_Wall_%28placed%29.png?format=original""}]",https://terraria.wiki.gg/images/Crimtane_Brick_Wall.png?format=original,https://terraria.wiki.gg/images/Crimtane_Brick_Wall_%28placed%29.png?format=original,https://terraria.wiki.gg/images/Crimtane_Brick_Wall_%28placed%29.png?format=original,images/walls/inventory/438_crimtane_brick_wall_inventory.png,images/walls/world/438_crimtane_brick_wall_world.png,images/walls/color/438_crimtane_brick_wall_color.png,ok,,False,https://terraria.wiki.gg/images/7/75/Crimtane_Brick_Wall_%28placed%29.png?format=original,16,29,inserted,449
439,Rainbow Wallpaper,Rainbow Wallpaper,Wallpaper,https://terraria.wiki.gg/wiki/Wallpapers,2012,130,"[{""wall_id"": 130, ""is_safe"": 1, ""internal_name"": ""RainbowWallpaper"", ""name"": ""Rainbow Wallpaper"", ""page_url"": ""https://terraria.wiki.gg/wiki/Wallpapers"", ""world_image_url"": ""https://terraria.wiki.gg/images/Rainbow_Wallpaper_%28placed%29.png?format=original""}]",https://terraria.wiki.gg/images/Rainbow_Wallpaper.png?format=original,https://terraria.wiki.gg/images/Rainbow_Wallpaper_%28placed%29.png?format=original,https://terraria.wiki.gg/images/Rainbow_Wallpaper_%28placed%29.png?format=original,images/walls/inventory/439_rainbow_wallpaper_inventory.png,images/walls/world/439_rainbow_wallpaper_world.png,images/walls/color/439_rainbow_wallpaper_color.png,ok,,True,https://terraria.wiki.gg/images/b/b8/Rainbow_Wallpaper_%28placed%29.png?format=original,16,33,inserted,450
427,Forbidden Lihzahrd Brick Wall,Lihzahrd Brick Wall,Brick Walls,https://terraria.wiki.gg/wiki/Lihzahrd_Brick_Wall,1102,112,"[{""wall_id"": 87, ""is_safe"": 0, ""internal_name"": ""LihzahrdBrickUnsafe"", ""name"": ""Lihzahrd Brick Wall"", ""page_url"": ""https://terraria.wiki.gg/wiki/Lihzahrd_Brick_Wall"", ""world_image_url"": ""https://terraria.wiki.gg/images/Lihzahrd_Brick_Wall_%28placed%29.png?format=original""}]",https://terraria.wiki.gg/images/Lihzahrd_Brick_Wall.png?format=original,https://terraria.wiki.gg/images/Lihzahrd_Brick_Wall_%28placed%29.png?format=original,https://terraria.wiki.gg/images/Lihzahrd_Brick_Wall_%28placed%29.png?format=original,images/walls/inventory/427_lihzahrd_brick_wall_inventory.png,images/walls/world/427_lihzahrd_brick_wall_world.png,images/walls/color/427_lihzahrd_brick_wall_color.png,ok,,False,https://terraria.wiki.gg/images/a/a3/Lihzahrd_Brick_Wall_%28placed%29.png?format=original,16,37,merged,451
440,Crimson Grass Wall,Crimson Grass Wall,Soil Walls,https://terraria.wiki.gg/wiki/Crimson_Grass_Wall,4508,268,"[{""wall_id"": 81, ""is_safe"": 0, ""internal_name"": ""CrimsonGrassUnsafe"", ""name"": ""Crimson Grass Wall"", ""page_url"": ""https://terraria.wiki.gg/wiki/Crimson_Grass_Wall"", ""world_image_url"": ""https://terraria.wiki.gg/images/Crimson_Grass_Wall_%28placed%29.png?format=original""}, {""wall_id"": 268, ""is_safe"": 1, ""internal_name"": ""CrimsonGrassEcho"", ""name"": ""Crimson Grass Wall"", ""page_url"": ""https://terraria.wiki.gg/wiki/Crimson_Grass_Wall"", ""world_image_url"": ""https://terraria.wiki.gg/images/Crimson_Grass_Wall_%28placed%29.png?format=original""}]",https://terraria.wiki.gg/images/Crimson_Grass_Wall.png?format=original,https://terraria.wiki.gg/images/Crimson_Grass_Wall_%28placed%29.png?format=original,https://terraria.wiki.gg/images/Crimson_Grass_Wall_%28placed%29.png?format=original,images/walls/inventory/440_crimson_grass_wall_inventory.png,images/walls/world/440_crimson_grass_wall_world.png,images/walls/color/440_crimson_grass_wall_color.png,ok,,False,https://terraria.wiki.gg/images/4/49/Crimson_Grass_Wall_%28placed%29.png?format=original,17,1,inserted,452
441,Wooden Fence,Wooden Fence,Wood Walls,https://terraria.wiki.gg/wiki/Fences,1447,106,"[{""wall_id"": 106, ""is_safe"": 1, ""internal_name"": ""WoodenFence"", ""name"": ""Wooden Fence"", ""page_url"": ""https://terraria.wiki.gg/wiki/Fences"", ""world_image_url"": ""https://terraria.wiki.gg/images/Wooden_Fence_%28placed%29.png?format=original""}]",https://terraria.wiki.gg/images/Wooden_Fence.png?format=original,https://terraria.wiki.gg/images/Wooden_Fence_%28placed%29.png?format=original,https://terraria.wiki.gg/images/Wooden_Fence_%28placed%29.png?format=original,images/walls/inventory/441_wooden_fence_inventory.png,images/walls/world/441_wooden_fence_world.png,images/walls/color/441_wooden_fence_color.png,ok,,True,https://terraria.wiki.gg/images/5/54/Wooden_Fence_%28placed%29.png?format=original,17,9,inserted,453
442,Corrupt Growth Wall,Corrupt Growth Wall,Stone Walls,https://terraria.wiki.gg/wiki/Corrupt_Walls,4513,276,"[{""wall_id"": 188, ""is_safe"": 0, ""internal_name"": ""CorruptionUnsafe1"", ""name"": ""Corrupt Growth Wall"", ""page_url"": ""https://terraria.wiki.gg/wiki/Corrupt_Growth_Wall"", ""world_image_url"": ""https://terraria.wiki.gg/images/Corrupt_Growth_Wall_%28placed%29.png?format=original""}, {""wall_id"": 276, ""is_safe"": 1, ""internal_name"": ""Corruption1Echo"", ""name"": ""Corrupt Growth Wall"", ""page_url"": ""https://terraria.wiki.gg/wiki/Corrupt_Growth_Wall"", ""world_image_url"": ""https://terraria.wiki.gg/images/Corrupt_Growth_Wall_%28placed%29.png?format=original""}]",https://terraria.wiki.gg/images/Corrupt_Growth_Wall.png?format=original,https://terraria.wiki.gg/images/Corrupt_Growth_Wall_%28placed%29.png?format=original,https://terraria.wiki.gg/images/Corrupt_Growth_Wall_%28placed%29.png?format=original,images/walls/inventory/442_corrupt_growth_wall_inventory.png,images/walls/world/442_corrupt_growth_wall_world.png,images/walls/color/442_corrupt_growth_wall_color.png,ok,,True,https://terraria.wiki.gg/images/4/47/Corrupt_Growth_Wall_%28placed%29.png?format=original,17,13,inserted,454
443,Argon Moss Brick Wall,Argon Moss Brick Wall,Brick Walls,https://terraria.wiki.gg/wiki/Argon_Moss_Brick_Wall,5446,342,"[{""wall_id"": 342, ""is_safe"": 1, ""internal_name"": ""ArgonMossBlockWall"", ""name"": ""Argon Moss Brick Wall"", ""page_url"": ""https://terraria.wiki.gg/wiki/Argon_Moss_Brick_Wall"", ""world_image_url"": ""https://terraria.wiki.gg/images/Argon_Moss_Brick_Wall_%28placed%29.png?format=original""}]",https://terraria.wiki.gg/images/Argon_Moss_Brick_Wall.png?format=original,https://terraria.wiki.gg/images/Argon_Moss_Brick_Wall_%28placed%29.png?format=original,https://terraria.wiki.gg/images/Argon_Moss_Brick_Wall_%28placed%29.png?format=original,images/walls/inventory/443_argon_moss_brick_wall_inventory.png,images/walls/world/443_argon_moss_brick_wall_world.png,images/walls/color/443_argon_moss_brick_wall_color.png,ok,,False,https://terraria.wiki.gg/images/8/8c/Argon_Moss_Brick_Wall_%28placed%29.png?format=original,17,17,inserted,455
444,Topaz Stone Wall,Topaz Stone Wall,Gem Walls,https://terraria.wiki.gg/wiki/Gemstone_Walls,4491,251,"[{""wall_id"": 49, ""is_safe"": 0, ""internal_name"": ""TopazUnsafe"", ""name"": ""Topaz Stone Wall"", ""page_url"": ""https://terraria.wiki.gg/wiki/Topaz_Stone_Wall"", ""world_image_url"": ""https://terraria.wiki.gg/images/Topaz_Stone_Wall_%28placed%29.png?format=original""}, {""wall_id"": 251, ""is_safe"": 1, ""internal_name"": ""TopazEcho"", ""name"": ""Topaz Stone Wall"", ""page_url"": ""https://terraria.wiki.gg/wiki/Gemstone_Walls"", ""world_image_url"": ""https://terraria.wiki.gg/images/Topaz_Stone_Wall_%28placed%29.png?format=original""}]",https://terraria.wiki.gg/images/Topaz_Stone_Wall.png?format=original,https://terraria.wiki.gg/images/Topaz_Stone_Wall_%28placed%29.png?format=original,https://terraria.wiki.gg/images/Topaz_Stone_Wall_%28placed%29.png?format=original,images/walls/inventory/444_topaz_stone_wall_inventory.png,images/walls/world/444_topaz_stone_wall_world.png,images/walls/color/444_topaz_stone_wall_color.png,ok,,True,https://terraria.wiki.gg/images/6/6e/Topaz_Stone_Wall_%28placed%29.png?format=original,17,21,inserted,456
445,Flesh Block Wall,Flesh Block Wall,Decorative Walls,https://terraria.wiki.gg/wiki/Flesh_Block_Wall,770,77,"[{""wall_id"": 77, ""is_safe"": 1, ""internal_name"": ""Flesh"", ""name"": ""Flesh Block Wall"", ""page_url"": ""https://terraria.wiki.gg/wiki/Flesh_Block_Wall"", ""world_image_url"": ""https://terraria.wiki.gg/images/Flesh_Block_Wall_%28placed%29.png?format=original""}]",https://terraria.wiki.gg/images/Flesh_Block_Wall.png?format=original,https://terraria.wiki.gg/images/Flesh_Block_Wall_%28placed%29.png?format=original,https://terraria.wiki.gg/images/Flesh_Block_Wall_%28placed%29.png?format=original,images/walls/inventory/445_flesh_block_wall_inventory.png,images/walls/world/445_flesh_block_wall_world.png,images/walls/color/445_flesh_block_wall_color.png,ok,,False,https://terraria.wiki.gg/images/0/0b/Flesh_Block_Wall_%28placed%29.png?format=original,17,25,inserted,457
446,Meteorite Brick Wall,Meteorite Brick Wall,Metal Walls,https://terraria.wiki.gg/wiki/Meteorite_Brick_Wall,3101,182,"[{""wall_id"": 182, ""is_safe"": 1, ""internal_name"": ""MeteoriteBrick"", ""name"": ""Meteorite Brick Wall"", ""page_url"": ""https://terraria.wiki.gg/wiki/Meteorite_Brick_Wall"", ""world_image_url"": ""https://terraria.wiki.gg/images/Meteorite_Brick_Wall_%28placed%29.png?format=original""}]",https://terraria.wiki.gg/images/Meteorite_Brick_Wall.png?format=original,https://terraria.wiki.gg/images/Meteorite_Brick_Wall_%28placed%29.png?format=original,https://terraria.wiki.gg/images/Meteorite_Brick_Wall_%28placed%29.png?format=original,images/walls/inventory/446_meteorite_brick_wall_inventory.png,images/walls/world/446_meteorite_brick_wall_world.png,images/walls/color/446_meteorite_brick_wall_color.png,ok,,False,https://terraria.wiki.gg/images/5/5e/Meteorite_Brick_Wall_%28placed%29.png?format=original,17,29,inserted,458
447,Sparkle Stone Wallpaper,Sparkle Stone Wallpaper,Wallpaper,https://terraria.wiki.gg/wiki/Wallpapers,2013,131,"[{""wall_id"": 131, ""is_safe"": 1, ""internal_name"": ""SparkleStoneWallpaper"", ""name"": ""Sparkle Stone Wallpaper"", ""page_url"": ""https://terraria.wiki.gg/wiki/Wallpapers"", ""world_image_url"": ""https://terraria.wiki.gg/images/Sparkle_Stone_Wallpaper_%28placed%29.png?format=original""}]",https://terraria.wiki.gg/images/Sparkle_Stone_Wallpaper.png?format=original,https://terraria.wiki.gg/images/Sparkle_Stone_Wallpaper_%28placed%29.png?format=original,https://terraria.wiki.gg/images/Sparkle_Stone_Wallpaper_%28placed%29.png?format=original,images/walls/inventory/447_sparkle_stone_wallpaper_inventory.png,images/walls/world/447_sparkle_stone_wallpaper_world.png,images/walls/color/447_sparkle_stone_wallpaper_color.png,ok,,True,https://terraria.wiki.gg/images/2/28/Sparkle_Stone_Wallpaper_%28placed%29.png?format=original,17,33,inserted,459
448,Hallowed Grass Wall,Hallowed Grass Wall,Soil Walls,https://terraria.wiki.gg/wiki/Hallowed_Grass_Wall,4505,265,"[{""wall_id"": 70, ""is_safe"": 0, ""internal_name"": ""HallowedGrassUnsafe"", ""name"": ""Hallowed Grass Wall"", ""page_url"": ""https://terraria.wiki.gg/wiki/Hallowed_Grass_Wall"", ""world_image_url"": ""https://terraria.wiki.gg/images/Hallowed_Grass_Wall_%28placed%29.png?format=original""}, {""wall_id"": 265, ""is_safe"": 1, ""internal_name"": ""HallowedGrassEcho"", ""name"": ""Hallowed Grass Wall"", ""page_url"": ""https://terraria.wiki.gg/wiki/Hallowed_Grass_Wall"", ""world_image_url"": ""https://terraria.wiki.gg/images/Hallowed_Grass_Wall_%28placed%29.png?format=original""}]",https://terraria.wiki.gg/images/Hallowed_Grass_Wall.png?format=original,https://terraria.wiki.gg/images/Hallowed_Grass_Wall_%28placed%29.png?format=original,https://terraria.wiki.gg/images/Hallowed_Grass_Wall_%28placed%29.png?format=original,images/walls/inventory/448_hallowed_grass_wall_inventory.png,images/walls/world/448_hallowed_grass_wall_world.png,images/walls/color/448_hallowed_grass_wall_color.png,ok,,False,https://terraria.wiki.gg/images/0/0a/Hallowed_Grass_Wall_%28placed%29.png?format=original,18,1,inserted,460
449,Rich Mahogany Fence,Rich Mahogany Fence,Wood Walls,https://terraria.wiki.gg/wiki/Fences,2211,139,"[{""wall_id"": 139, ""is_safe"": 1, ""internal_name"": ""RichMahoganyFence"", ""name"": ""Rich Mahogany Fence"", ""page_url"": ""https://terraria.wiki.gg/wiki/Fences"", ""world_image_url"": ""https://terraria.wiki.gg/images/Rich_Mahogany_Fence_%28placed%29.png?format=original""}]",https://terraria.wiki.gg/images/Rich_Mahogany_Fence.png?format=original,https://terraria.wiki.gg/images/Rich_Mahogany_Fence_%28placed%29.png?format=original,https://terraria.wiki.gg/images/Rich_Mahogany_Fence_%28placed%29.png?format=original,images/walls/inventory/449_rich_mahogany_fence_inventory.png,images/walls/world/449_rich_mahogany_fence_world.png,images/walls/color/449_rich_mahogany_fence_color.png,ok,,True,https://terraria.wiki.gg/images/9/9b/Rich_Mahogany_Fence_%28placed%29.png?format=original,18,9,inserted,461
450,Corrupt Mass Wall,Corrupt Mass Wall,Stone Walls,https://terraria.wiki.gg/wiki/Corrupt_Walls,4514,277,"[{""wall_id"": 189, ""is_safe"": 0, ""internal_name"": ""CorruptionUnsafe2"", ""name"": ""Corrupt Mass Wall"", ""page_url"": ""https://terraria.wiki.gg/wiki/Corrupt_Mass_Wall"", ""world_image_url"": ""https://terraria.wiki.gg/images/Corrupt_Mass_Wall_%28placed%29.png?format=original""}, {""wall_id"": 277, ""is_safe"": 1, ""internal_name"": ""Corruption2Echo"", ""name"": ""Corrupt Mass Wall"", ""page_url"": ""https://terraria.wiki.gg/wiki/Corrupt_Mass_Wall"", ""world_image_url"": ""https://terraria.wiki.gg/images/Corrupt_Mass_Wall_%28placed%29.png?format=original""}]",https://terraria.wiki.gg/images/Corrupt_Mass_Wall.png?format=original,https://terraria.wiki.gg/images/Corrupt_Mass_Wall_%28placed%29.png?format=original,https://terraria.wiki.gg/images/Corrupt_Mass_Wall_%28placed%29.png?format=original,images/walls/inventory/450_corrupt_mass_wall_inventory.png,images/walls/world/450_corrupt_mass_wall_world.png,images/walls/color/450_corrupt_mass_wall_color.png,ok,,True,https://terraria.wiki.gg/images/3/30/Corrupt_Mass_Wall_%28placed%29.png?format=original,18,13,inserted,462
451,Krypton Moss Brick Wall,Krypton Moss Brick Wall,Brick Walls,https://terraria.wiki.gg/wiki/Krypton_Moss_Brick_Wall,5447,343,"[{""wall_id"": 343, ""is_safe"": 1, ""internal_name"": ""KryptonMossBlockWall"", ""name"": ""Krypton Moss Brick Wall"", ""page_url"": ""https://terraria.wiki.gg/wiki/Krypton_Moss_Brick_Wall"", ""world_image_url"": ""https://terraria.wiki.gg/images/Krypton_Moss_Brick_Wall_%28placed%29.png?format=original""}]",https://terraria.wiki.gg/images/Krypton_Moss_Brick_Wall.png?format=original,https://terraria.wiki.gg/images/Krypton_Moss_Brick_Wall_%28placed%29.png?format=original,https://terraria.wiki.gg/images/Krypton_Moss_Brick_Wall_%28placed%29.png?format=original,images/walls/inventory/451_krypton_moss_brick_wall_inventory.png,images/walls/world/451_krypton_moss_brick_wall_world.png,images/walls/color/451_krypton_moss_brick_wall_color.png,ok,,False,https://terraria.wiki.gg/images/8/88/Krypton_Moss_Brick_Wall_%28placed%29.png?format=original,18,17,inserted,463
452,Sapphire Stone Wall,Sapphire Stone Wall,Gem Walls,https://terraria.wiki.gg/wiki/Gemstone_Walls,4492,252,"[{""wall_id"": 50, ""is_safe"": 0, ""internal_name"": ""SapphireUnsafe"", ""name"": ""Sapphire Stone Wall"", ""page_url"": ""https://terraria.wiki.gg/wiki/Sapphire_Stone_Wall"", ""world_image_url"": ""https://terraria.wiki.gg/images/Sapphire_Stone_Wall_%28placed%29.png?format=original""}, {""wall_id"": 252, ""is_safe"": 1, ""internal_name"": ""SapphireEcho"", ""name"": ""Sapphire Stone Wall"", ""page_url"": ""https://terraria.wiki.gg/wiki/Gemstone_Walls"", ""world_image_url"": ""https://terraria.wiki.gg/images/Sapphire_Stone_Wall_%28placed%29.png?format=original""}]",https://terraria.wiki.gg/images/Sapphire_Stone_Wall.png?format=original,https://terraria.wiki.gg/images/Sapphire_Stone_Wall_%28placed%29.png?format=original,https://terraria.wiki.gg/images/Sapphire_Stone_Wall_%28placed%29.png?format=original,images/walls/inventory/452_sapphire_stone_wall_inventory.png,images/walls/world/452_sapphire_stone_wall_world.png,images/walls/color/452_sapphire_stone_wall_color.png,ok,,True,https://terraria.wiki.gg/images/1/14/Sapphire_Stone_Wall_%28placed%29.png?format=original,18,21,inserted,464
453,Disc Wall,Disc Wall,Decorative Walls,https://terraria.wiki.gg/wiki/Disc_Wall,825,82,"[{""wall_id"": 82, ""is_safe"": 1, ""internal_name"": ""DiscWall"", ""name"": ""Disc Wall"", ""page_url"": ""https://terraria.wiki.gg/wiki/Disc_Wall"", ""world_image_url"": ""https://terraria.wiki.gg/images/Disc_Wall_%28placed%29.png?format=original""}]",https://terraria.wiki.gg/images/Disc_Wall.png?format=original,https://terraria.wiki.gg/images/Disc_Wall_%28placed%29.png?format=original,https://terraria.wiki.gg/images/Disc_Wall_%28placed%29.png?format=original,images/walls/inventory/453_disc_wall_inventory.png,images/walls/world/453_disc_wall_world.png,images/walls/color/453_disc_wall_color.png,ok,,False,https://terraria.wiki.gg/images/e/ef/Disc_Wall_%28placed%29.png?format=original,18,25,inserted,465
454,Hellstone Brick Wall,Hellstone Brick Wall,Metal Walls,https://terraria.wiki.gg/wiki/Hellstone_Brick_Wall,3067,177,"[{""wall_id"": 13, ""is_safe"": 0, ""internal_name"": ""HellstoneBrickUnsafe"", ""name"": ""Hellstone Brick Wall"", ""page_url"": ""https://terraria.wiki.gg/wiki/Hellstone_Brick_Wall"", ""world_image_url"": ""https://terraria.wiki.gg/images/Hellstone_Brick_Wall_%28placed%29.png?format=original""}, {""wall_id"": 177, ""is_safe"": 1, ""internal_name"": ""HellstoneBrick"", ""name"": ""Hellstone Brick Wall"", ""page_url"": ""https://terraria.wiki.gg/wiki/Hellstone_Brick_Wall"", ""world_image_url"": ""https://terraria.wiki.gg/images/Hellstone_Brick_Wall_%28placed%29.png?format=original""}]",https://terraria.wiki.gg/images/Hellstone_Brick_Wall.png?format=original,https://terraria.wiki.gg/images/Hellstone_Brick_Wall_%28placed%29.png?format=original,https://terraria.wiki.gg/images/Hellstone_Brick_Wall_%28placed%29.png?format=original,images/walls/inventory/454_hellstone_brick_wall_inventory.png,images/walls/world/454_hellstone_brick_wall_world.png,images/walls/color/454_hellstone_brick_wall_color.png,ok,,False,https://terraria.wiki.gg/images/c/c7/Hellstone_Brick_Wall_%28placed%29.png?format=original,18,29,inserted,466
455,Starlit Heaven Wallpaper,Starlit Heaven Wallpaper,Wallpaper,https://terraria.wiki.gg/wiki/Wallpapers,2014,132,"[{""wall_id"": 132, ""is_safe"": 1, ""internal_name"": ""StarlitHeavenWallpaper"", ""name"": ""Starlit Heaven Wallpaper"", ""page_url"": ""https://terraria.wiki.gg/wiki/Wallpapers"", ""world_image_url"": ""https://terraria.wiki.gg/images/Starlit_Heaven_Wallpaper_%28placed%29.png?format=original""}]",https://terraria.wiki.gg/images/Starlit_Heaven_Wallpaper.png?format=original,https://terraria.wiki.gg/images/Starlit_Heaven_Wallpaper_%28placed%29.png?format=original,https://terraria.wiki.gg/images/Starlit_Heaven_Wallpaper_%28placed%29.png?format=original,images/walls/inventory/455_starlit_heaven_wallpaper_inventory.png,images/walls/world/455_starlit_heaven_wallpaper_world.png,images/walls/color/455_starlit_heaven_wallpaper_color.png,ok,,True,https://terraria.wiki.gg/images/e/ec/Starlit_Heaven_Wallpaper_%28placed%29.png?format=original,18,33,inserted,467
456,Snow Wall,Snow Wall,Soil Walls,https://terraria.wiki.gg/wiki/Snow_Wall,4489,249,"[{""wall_id"": 40, ""is_safe"": 0, ""internal_name"": ""SnowWallUnsafe"", ""name"": ""Snow Wall"", ""page_url"": ""https://terraria.wiki.gg/wiki/Snow_Wall"", ""world_image_url"": ""https://terraria.wiki.gg/images/Snow_Wall_%28placed%29.png?format=original""}, {""wall_id"": 249, ""is_safe"": 1, ""internal_name"": ""SnowWallEcho"", ""name"": ""Snow Wall"", ""page_url"": ""https://terraria.wiki.gg/wiki/Snow_Wall"", ""world_image_url"": ""https://terraria.wiki.gg/images/Snow_Wall_%28placed%29.png?format=original""}]",https://terraria.wiki.gg/images/Snow_Wall.png?format=original,https://terraria.wiki.gg/images/Snow_Wall_%28placed%29.png?format=original,https://terraria.wiki.gg/images/Snow_Wall_%28placed%29.png?format=original,images/walls/inventory/456_snow_wall_inventory.png,images/walls/world/456_snow_wall_world.png,images/walls/color/456_snow_wall_color.png,ok,,False,https://terraria.wiki.gg/images/1/19/Snow_Wall_%28placed%29.png?format=original,19,1,inserted,468
457,Boreal Wood Fence,Boreal Wood Fence,Wood Walls,https://terraria.wiki.gg/wiki/Fences,2507,150,"[{""wall_id"": 150, ""is_safe"": 1, ""internal_name"": ""BorealWoodFence"", ""name"": ""Boreal Wood Fence"", ""page_url"": ""https://terraria.wiki.gg/wiki/Fences"", ""world_image_url"": ""https://terraria.wiki.gg/images/Boreal_Wood_Fence_%28placed%29.png?format=original""}]",https://terraria.wiki.gg/images/Boreal_Wood_Fence.png?format=original,https://terraria.wiki.gg/images/Boreal_Wood_Fence_%28placed%29.png?format=original,https://terraria.wiki.gg/images/Boreal_Wood_Fence_%28placed%29.png?format=original,images/walls/inventory/457_boreal_wood_fence_inventory.png,images/walls/world/457_boreal_wood_fence_world.png,images/walls/color/457_boreal_wood_fence_color.png,ok,,True,https://terraria.wiki.gg/images/8/8f/Boreal_Wood_Fence_%28placed%29.png?format=original,19,9,inserted,469
458,Corrupt Tendril Wall,Corrupt Tendril Wall,Stone Walls,https://terraria.wiki.gg/wiki/Corrupt_Walls,4516,279,"[{""wall_id"": 191, ""is_safe"": 0, ""internal_name"": ""CorruptionUnsafe4"", ""name"": ""Corrupt Tendril Wall"", ""page_url"": ""https://terraria.wiki.gg/wiki/Corrupt_Tendril_Wall"", ""world_image_url"": ""https://terraria.wiki.gg/images/Corrupt_Tendril_Wall_%28placed%29.png?format=original""}, {""wall_id"": 279, ""is_safe"": 1, ""internal_name"": ""Corruption4Echo"", ""name"": ""Corrupt Tendril Wall"", ""page_url"": ""https://terraria.wiki.gg/wiki/Corrupt_Tendril_Wall"", ""world_image_url"": ""https://terraria.wiki.gg/images/Corrupt_Tendril_Wall_%28placed%29.png?format=original""}]",https://terraria.wiki.gg/images/Corrupt_Tendril_Wall.png?format=original,https://terraria.wiki.gg/images/Corrupt_Tendril_Wall_%28placed%29.png?format=original,https://terraria.wiki.gg/images/Corrupt_Tendril_Wall_%28placed%29.png?format=original,images/walls/inventory/458_corrupt_tendril_wall_inventory.png,images/walls/world/458_corrupt_tendril_wall_world.png,images/walls/color/458_corrupt_tendril_wall_color.png,ok,,True,https://terraria.wiki.gg/images/2/24/Corrupt_Tendril_Wall_%28placed%29.png?format=original,19,13,inserted,470
459,Xenon Moss Brick Wall,Xenon Moss Brick Wall,Brick Walls,https://terraria.wiki.gg/wiki/Xenon_Moss_Brick_Wall,5448,344,"[{""wall_id"": 344, ""is_safe"": 1, ""internal_name"": ""XenonMossBlockWall"", ""name"": ""Xenon Moss Brick Wall"", ""page_url"": ""https://terraria.wiki.gg/wiki/Xenon_Moss_Brick_Wall"", ""world_image_url"": ""https://terraria.wiki.gg/images/Xenon_Moss_Brick_Wall_%28placed%29.png?format=original""}]",https://terraria.wiki.gg/images/Xenon_Moss_Brick_Wall.png?format=original,https://terraria.wiki.gg/images/Xenon_Moss_Brick_Wall_%28placed%29.png?format=original,https://terraria.wiki.gg/images/Xenon_Moss_Brick_Wall_%28placed%29.png?format=original,images/walls/inventory/459_xenon_moss_brick_wall_inventory.png,images/walls/world/459_xenon_moss_brick_wall_world.png,images/walls/color/459_xenon_moss_brick_wall_color.png,ok,,False,https://terraria.wiki.gg/images/c/ce/Xenon_Moss_Brick_Wall_%28placed%29.png?format=original,19,17,inserted,471
460,Emerald Stone Wall,Emerald Stone Wall,Gem Walls,https://terraria.wiki.gg/wiki/Gemstone_Walls,4493,253,"[{""wall_id"": 51, ""is_safe"": 0, ""internal_name"": ""EmeraldUnsafe"", ""name"": ""Emerald Stone Wall"", ""page_url"": ""https://terraria.wiki.gg/wiki/Emerald_Stone_Wall"", ""world_image_url"": ""https://terraria.wiki.gg/images/Emerald_Stone_Wall_%28placed%29.png?format=original""}, {""wall_id"": 253, ""is_safe"": 1, ""internal_name"": ""EmeraldEcho"", ""name"": ""Emerald Stone Wall"", ""page_url"": ""https://terraria.wiki.gg/wiki/Gemstone_Walls"", ""world_image_url"": ""https://terraria.wiki.gg/images/Emerald_Stone_Wall_%28placed%29.png?format=original""}]",https://terraria.wiki.gg/images/Emerald_Stone_Wall.png?format=original,https://terraria.wiki.gg/images/Emerald_Stone_Wall_%28placed%29.png?format=original,https://terraria.wiki.gg/images/Emerald_Stone_Wall_%28placed%29.png?format=original,images/walls/inventory/460_emerald_stone_wall_inventory.png,images/walls/world/460_emerald_stone_wall_world.png,images/walls/color/460_emerald_stone_wall_color.png,ok,,True,https://terraria.wiki.gg/images/8/81/Emerald_Stone_Wall_%28placed%29.png?format=original,19,21,inserted,472
461,Crescent Wall,Crescent Wall,Decorative Walls,https://terraria.wiki.gg/wiki/Crescent_Wall,5997,360,"[{""wall_id"": 360, ""is_safe"": 1, ""internal_name"": ""MoonplateBlockWall"", ""name"": ""Crescent Wall"", ""page_url"": ""https://terraria.wiki.gg/wiki/Crescent_Wall"", ""world_image_url"": ""https://terraria.wiki.gg/images/Crescent_Wall_%28placed%29.png?format=original""}]",https://terraria.wiki.gg/images/Crescent_Wall.png?format=original,https://terraria.wiki.gg/images/Crescent_Wall_%28placed%29.png?format=original,https://terraria.wiki.gg/images/Crescent_Wall_%28placed%29.png?format=original,images/walls/inventory/461_crescent_wall_inventory.png,images/walls/world/461_crescent_wall_world.png,images/walls/color/461_crescent_wall_color.png,ok,,False,https://terraria.wiki.gg/images/Crescent_Wall_%28placed%29.png?c39dd7?format=original,19,25,inserted,473
462,Cobalt Brick Wall,Cobalt Brick Wall,Metal Walls,https://terraria.wiki.gg/wiki/Cobalt_Brick_Wall,420,25,"[{""wall_id"": 25, ""is_safe"": 1, ""internal_name"": ""CobaltBrick"", ""name"": ""Cobalt Brick Wall"", ""page_url"": ""https://terraria.wiki.gg/wiki/Cobalt_Brick_Wall"", ""world_image_url"": ""https://terraria.wiki.gg/images/Cobalt_Brick_Wall_%28placed%29.png?format=original""}]",https://terraria.wiki.gg/images/Cobalt_Brick_Wall.png?format=original,https://terraria.wiki.gg/images/Cobalt_Brick_Wall_%28placed%29.png?format=original,https://terraria.wiki.gg/images/Cobalt_Brick_Wall_%28placed%29.png?format=original,images/walls/inventory/462_cobalt_brick_wall_inventory.png,images/walls/world/462_cobalt_brick_wall_world.png,images/walls/color/462_cobalt_brick_wall_color.png,ok,,False,https://terraria.wiki.gg/images/c/ce/Cobalt_Brick_Wall_%28placed%29.png?format=original,19,29,inserted,474
463,Bubble Wallpaper,Bubble Wallpaper,Wallpaper,https://terraria.wiki.gg/wiki/Wallpapers,2158,133,"[{""wall_id"": 133, ""is_safe"": 1, ""internal_name"": ""BubbleWallpaper"", ""name"": ""Bubble Wallpaper"", ""page_url"": ""https://terraria.wiki.gg/wiki/Wallpapers"", ""world_image_url"": ""https://terraria.wiki.gg/images/Bubble_Wallpaper_%28placed%29.png?format=original""}]",https://terraria.wiki.gg/images/Bubble_Wallpaper.png?format=original,https://terraria.wiki.gg/images/Bubble_Wallpaper_%28placed%29.png?format=original,https://terraria.wiki.gg/images/Bubble_Wallpaper_%28placed%29.png?format=original,images/walls/inventory/463_bubble_wallpaper_inventory.png,images/walls/world/463_bubble_wallpaper_world.png,images/walls/color/463_bubble_wallpaper_color.png,ok,,True,https://terraria.wiki.gg/images/8/86/Bubble_Wallpaper_%28placed%29.png?format=original,19,33,inserted,475
464,Ice Wall,Ice Wall,Soil Walls,https://terraria.wiki.gg/wiki/Ice_Wall,4506,266,"[{""wall_id"": 71, ""is_safe"": 0, ""internal_name"": ""IceUnsafe"", ""name"": ""Ice Wall"", ""page_url"": ""https://terraria.wiki.gg/wiki/Ice_Wall"", ""world_image_url"": ""https://terraria.wiki.gg/images/Ice_Wall_%28placed%29.png?format=original""}, {""wall_id"": 266, ""is_safe"": 1, ""internal_name"": ""IceEcho"", ""name"": ""Ice Wall"", ""page_url"": ""https://terraria.wiki.gg/wiki/Ice_Wall"", ""world_image_url"": ""https://terraria.wiki.gg/images/Ice_Wall_%28placed%29.png?format=original""}]",https://terraria.wiki.gg/images/Ice_Wall.png?format=original,https://terraria.wiki.gg/images/Ice_Wall_%28placed%29.png?format=original,https://terraria.wiki.gg/images/Ice_Wall_%28placed%29.png?format=original,images/walls/inventory/464_ice_wall_inventory.png,images/walls/world/464_ice_wall_world.png,images/walls/color/464_ice_wall_color.png,ok,,False,https://terraria.wiki.gg/images/4/44/Ice_Wall_%28placed%29.png?format=original,20,1,inserted,476
465,Bamboo Fence,Bamboo Fence,Wood Walls,https://terraria.wiki.gg/wiki/Fences,4667,315,"[{""wall_id"": 315, ""is_safe"": 1, ""internal_name"": ""BambooFence"", ""name"": ""Bamboo Fence"", ""page_url"": ""https://terraria.wiki.gg/wiki/Fences"", ""world_image_url"": ""https://terraria.wiki.gg/images/Bamboo_Fence_%28placed%29.png?format=original""}]",https://terraria.wiki.gg/images/Bamboo_Fence.png?format=original,https://terraria.wiki.gg/images/Bamboo_Fence_%28placed%29.png?format=original,https://terraria.wiki.gg/images/Bamboo_Fence_%28placed%29.png?format=original,images/walls/inventory/465_bamboo_fence_inventory.png,images/walls/world/465_bamboo_fence_world.png,images/walls/color/465_bamboo_fence_color.png,ok,,True,https://terraria.wiki.gg/images/a/a4/Bamboo_Fence_%28placed%29.png?format=original,20,9,inserted,477
466,Corrupt Pustule Wall,Corrupt Pustule Wall,Stone Walls,https://terraria.wiki.gg/wiki/Corrupt_Walls,4515,278,"[{""wall_id"": 190, ""is_safe"": 0, ""internal_name"": ""CorruptionUnsafe3"", ""name"": ""Corrupt Pustule Wall"", ""page_url"": ""https://terraria.wiki.gg/wiki/Corrupt_Pustule_Wall"", ""world_image_url"": ""https://terraria.wiki.gg/images/Corrupt_Pustule_Wall_%28placed%29.png?format=original""}, {""wall_id"": 278, ""is_safe"": 1, ""internal_name"": ""Corruption3Echo"", ""name"": ""Corrupt Pustule Wall"", ""page_url"": ""https://terraria.wiki.gg/wiki/Corrupt_Pustule_Wall"", ""world_image_url"": ""https://terraria.wiki.gg/images/Corrupt_Pustule_Wall_%28placed%29.png?format=original""}]",https://terraria.wiki.gg/images/Corrupt_Pustule_Wall.png?format=original,https://terraria.wiki.gg/images/Corrupt_Pustule_Wall_%28placed%29.png?format=original,https://terraria.wiki.gg/images/Corrupt_Pustule_Wall_%28placed%29.png?format=original,images/walls/inventory/466_corrupt_pustule_wall_inventory.png,images/walls/world/466_corrupt_pustule_wall_world.png,images/walls/color/466_corrupt_pustule_wall_color.png,ok,,True,https://terraria.wiki.gg/images/d/d2/Corrupt_Pustule_Wall_%28placed%29.png?format=original,20,13,inserted,478
467,Neon Moss Brick Wall,Neon Moss Brick Wall,Brick Walls,https://terraria.wiki.gg/wiki/Neon_Moss_Brick_Wall,5449,345,"[{""wall_id"": 345, ""is_safe"": 1, ""internal_name"": ""VioletMossBlockWall"", ""name"": ""Neon Moss Brick Wall"", ""page_url"": ""https://terraria.wiki.gg/wiki/Neon_Moss_Brick_Wall"", ""world_image_url"": ""https://terraria.wiki.gg/images/Neon_Moss_Brick_Wall_%28placed%29.png?format=original""}]",https://terraria.wiki.gg/images/Neon_Moss_Brick_Wall.png?format=original,https://terraria.wiki.gg/images/Neon_Moss_Brick_Wall_%28placed%29.png?format=original,https://terraria.wiki.gg/images/Neon_Moss_Brick_Wall_%28placed%29.png?format=original,images/walls/inventory/467_neon_moss_brick_wall_inventory.png,images/walls/world/467_neon_moss_brick_wall_world.png,images/walls/color/467_neon_moss_brick_wall_color.png,ok,,False,https://terraria.wiki.gg/images/f/ff/Neon_Moss_Brick_Wall_%28placed%29.png?format=original,20,17,inserted,479
468,Ruby Stone Wall,Ruby Stone Wall,Gem Walls,https://terraria.wiki.gg/wiki/Gemstone_Walls,4494,254,"[{""wall_id"": 52, ""is_safe"": 0, ""internal_name"": ""RubyUnsafe"", ""name"": ""Ruby Stone Wall"", ""page_url"": ""https://terraria.wiki.gg/wiki/Ruby_Stone_Wall"", ""world_image_url"": ""https://terraria.wiki.gg/images/Ruby_Stone_Wall_%28placed%29.png?format=original""}, {""wall_id"": 254, ""is_safe"": 1, ""internal_name"": ""RubyEcho"", ""name"": ""Ruby Stone Wall"", ""page_url"": ""https://terraria.wiki.gg/wiki/Gemstone_Walls"", ""world_image_url"": ""https://terraria.wiki.gg/images/Ruby_Stone_Wall_%28placed%29.png?format=original""}]",https://terraria.wiki.gg/images/Ruby_Stone_Wall.png?format=original,https://terraria.wiki.gg/images/Ruby_Stone_Wall_%28placed%29.png?format=original,https://terraria.wiki.gg/images/Ruby_Stone_Wall_%28placed%29.png?format=original,images/walls/inventory/468_ruby_stone_wall_inventory.png,images/walls/world/468_ruby_stone_wall_world.png,images/walls/color/468_ruby_stone_wall_color.png,ok,,True,https://terraria.wiki.gg/images/a/ad/Ruby_Stone_Wall_%28placed%29.png?format=original,20,21,inserted,480
469,Fallen Star Wall,Fallen Star Wall,Decorative Walls,https://terraria.wiki.gg/wiki/Fallen_Star_Wall,5623,348,"[{""wall_id"": 348, ""is_safe"": 1, ""internal_name"": ""FallenStarWall"", ""name"": ""Fallen Star Wall"", ""page_url"": ""https://terraria.wiki.gg/wiki/Fallen_Star_Wall"", ""world_image_url"": ""https://terraria.wiki.gg/images/Fallen_Star_Wall_%28placed%29.png?format=original""}]",https://terraria.wiki.gg/images/Fallen_Star_Wall.png?format=original,https://terraria.wiki.gg/images/Fallen_Star_Wall_%28placed%29.png?format=original,https://terraria.wiki.gg/images/Fallen_Star_Wall_%28placed%29.png?format=original,images/walls/inventory/469_fallen_star_wall_inventory.png,images/walls/world/469_fallen_star_wall_world.png,images/walls/color/469_fallen_star_wall_color.png,ok,,False,https://terraria.wiki.gg/images/Fallen_Star_Wall_%28placed%29.png?2d8207?format=original,20,25,inserted,481
470,Palladium Column Wall,Palladium Column Wall,Metal Walls,https://terraria.wiki.gg/wiki/Palladium_Column_Wall,1590,109,"[{""wall_id"": 109, ""is_safe"": 1, ""internal_name"": ""PalladiumColumn"", ""name"": ""Palladium Column Wall"", ""page_url"": ""https://terraria.wiki.gg/wiki/Palladium_Column_Wall"", ""world_image_url"": ""https://terraria.wiki.gg/images/Palladium_Column_Wall_%28placed%29.png?format=original""}]",https://terraria.wiki.gg/images/Palladium_Column_Wall.png?format=original,https://terraria.wiki.gg/images/Palladium_Column_Wall_%28placed%29.png?format=original,https://terraria.wiki.gg/images/Palladium_Column_Wall_%28placed%29.png?format=original,images/walls/inventory/470_palladium_column_wall_inventory.png,images/walls/world/470_palladium_column_wall_world.png,images/walls/color/470_palladium_column_wall_color.png,ok,,False,https://terraria.wiki.gg/images/7/76/Palladium_Column_Wall_%28placed%29.png?format=original,20,29,inserted,482
471,Copper Pipe Wallpaper,Copper Pipe Wallpaper,Wallpaper,https://terraria.wiki.gg/wiki/Wallpapers,2159,134,"[{""wall_id"": 134, ""is_safe"": 1, ""internal_name"": ""CopperPipeWallpaper"", ""name"": ""Copper Pipe Wallpaper"", ""page_url"": ""https://terraria.wiki.gg/wiki/Wallpapers"", ""world_image_url"": ""https://terraria.wiki.gg/images/Copper_Pipe_Wallpaper_%28placed%29.png?format=original""}]",https://terraria.wiki.gg/images/Copper_Pipe_Wallpaper.png?format=original,https://terraria.wiki.gg/images/Copper_Pipe_Wallpaper_%28placed%29.png?format=original,https://terraria.wiki.gg/images/Copper_Pipe_Wallpaper_%28placed%29.png?format=original,images/walls/inventory/471_copper_pipe_wallpaper_inventory.png,images/walls/world/471_copper_pipe_wallpaper_world.png,images/walls/color/471_copper_pipe_wallpaper_color.png,ok,,True,https://terraria.wiki.gg/images/6/6d/Copper_Pipe_Wallpaper_%28placed%29.png?format=original,20,33,inserted,483
472,Mushroom Wall,Mushroom Wall,Soil Walls,https://terraria.wiki.gg/wiki/Mushroom_Wall,764,74,"[{""wall_id"": 80, ""is_safe"": 0, ""internal_name"": ""MushroomUnsafe"", ""name"": ""Mushroom Wall"", ""page_url"": ""https://terraria.wiki.gg/wiki/Mushroom_Wall"", ""world_image_url"": ""https://terraria.wiki.gg/images/Mushroom_Wall_%28placed%29.png?format=original""}, {""wall_id"": 74, ""is_safe"": 1, ""internal_name"": ""Mushroom"", ""name"": ""Mushroom Wall"", ""page_url"": ""https://terraria.wiki.gg/wiki/Mushroom_Wall"", ""world_image_url"": ""https://terraria.wiki.gg/images/Mushroom_Wall_%28placed%29.png?format=original""}]",https://terraria.wiki.gg/images/Mushroom_Wall.png?format=original,https://terraria.wiki.gg/images/Mushroom_Wall_%28placed%29.png?format=original,https://terraria.wiki.gg/images/Mushroom_Wall_%28placed%29.png?format=original,images/walls/inventory/472_mushroom_wall_inventory.png,images/walls/world/472_mushroom_wall_world.png,images/walls/color/472_mushroom_wall_color.png,ok,,False,https://terraria.wiki.gg/images/4/40/Mushroom_Wall_%28placed%29.png?format=original,21,1,inserted,484
473,Palm Wood Fence,Palm Wood Fence,Wood Walls,https://terraria.wiki.gg/wiki/Fences,2508,152,"[{""wall_id"": 152, ""is_safe"": 1, ""internal_name"": ""PalmWoodFence"", ""name"": ""Palm Wood Fence"", ""page_url"": ""https://terraria.wiki.gg/wiki/Fences"", ""world_image_url"": ""https://terraria.wiki.gg/images/Palm_Wood_Fence_%28placed%29.png?format=original""}]",https://terraria.wiki.gg/images/Palm_Wood_Fence.png?format=original,https://terraria.wiki.gg/images/Palm_Wood_Fence_%28placed%29.png?format=original,https://terraria.wiki.gg/images/Palm_Wood_Fence_%28placed%29.png?format=original,images/walls/inventory/473_palm_wood_fence_inventory.png,images/walls/world/473_palm_wood_fence_world.png,images/walls/color/473_palm_wood_fence_color.png,ok,,True,https://terraria.wiki.gg/images/3/37/Palm_Wood_Fence_%28placed%29.png?format=original,21,9,inserted,485
474,Crimstone Wall,Crimstone Wall,Stone Walls,https://terraria.wiki.gg/wiki/Crimstone_Wall,4509,269,"[{""wall_id"": 83, ""is_safe"": 0, ""internal_name"": ""CrimstoneUnsafe"", ""name"": ""Crimstone Wall"", ""page_url"": ""https://terraria.wiki.gg/wiki/Crimstone_Wall"", ""world_image_url"": ""https://terraria.wiki.gg/images/Crimstone_Wall_%28placed%29.png?format=original""}, {""wall_id"": 269, ""is_safe"": 1, ""internal_name"": ""CrimstoneEcho"", ""name"": ""Crimstone Wall"", ""page_url"": ""https://terraria.wiki.gg/wiki/Crimstone_Wall"", ""world_image_url"": ""https://terraria.wiki.gg/images/Crimstone_Wall_%28placed%29.png?format=original""}]",https://terraria.wiki.gg/images/Crimstone_Wall.png?format=original,https://terraria.wiki.gg/images/Crimstone_Wall_%28placed%29.png?format=original,https://terraria.wiki.gg/images/Crimstone_Wall_%28placed%29.png?format=original,images/walls/inventory/474_crimstone_wall_inventory.png,images/walls/world/474_crimstone_wall_world.png,images/walls/color/474_crimstone_wall_color.png,ok,,False,https://terraria.wiki.gg/images/1/13/Crimstone_Wall_%28placed%29.png?format=original,21,13,inserted,486
475,Helium Moss Brick Wall,Helium Moss Brick Wall,Brick Walls,https://terraria.wiki.gg/wiki/Helium_Moss_Brick_Wall,5450,346,"[{""wall_id"": 346, ""is_safe"": 1, ""internal_name"": ""RainbowMossBlockWall"", ""name"": ""Helium Moss Brick Wall"", ""page_url"": ""https://terraria.wiki.gg/wiki/Helium_Moss_Brick_Wall"", ""world_image_url"": ""https://terraria.wiki.gg/images/Helium_Moss_Brick_Wall_%28placed%29.gif?format=original""}]",https://terraria.wiki.gg/images/Helium_Moss_Brick_Wall.gif?format=original,https://terraria.wiki.gg/images/Helium_Moss_Brick_Wall_%28placed%29.gif?format=original,https://terraria.wiki.gg/images/Helium_Moss_Brick_Wall_%28placed%29.gif?format=original,images/walls/inventory/475_helium_moss_brick_wall_inventory.gif,images/walls/world/475_helium_moss_brick_wall_world.gif,images/walls/color/475_helium_moss_brick_wall_color.gif,ok,,False,https://terraria.wiki.gg/images/7/76/Helium_Moss_Brick_Wall_%28placed%29.gif?format=original,21,17,inserted,487
476,Diamond Stone Wall,Diamond Stone Wall,Gem Walls,https://terraria.wiki.gg/wiki/Gemstone_Walls,4495,255,"[{""wall_id"": 53, ""is_safe"": 0, ""internal_name"": ""DiamondUnsafe"", ""name"": ""Diamond Stone Wall"", ""page_url"": ""https://terraria.wiki.gg/wiki/Diamond_Stone_Wall"", ""world_image_url"": ""https://terraria.wiki.gg/images/Diamond_Stone_Wall_%28placed%29.png?format=original""}, {""wall_id"": 255, ""is_safe"": 1, ""internal_name"": ""DiamondEcho"", ""name"": ""Diamond Stone Wall"", ""page_url"": ""https://terraria.wiki.gg/wiki/Gemstone_Walls"", ""world_image_url"": ""https://terraria.wiki.gg/images/Diamond_Stone_Wall_%28placed%29.png?format=original""}]",https://terraria.wiki.gg/images/Diamond_Stone_Wall.png?format=original,https://terraria.wiki.gg/images/Diamond_Stone_Wall_%28placed%29.png?format=original,https://terraria.wiki.gg/images/Diamond_Stone_Wall_%28placed%29.png?format=original,images/walls/inventory/476_diamond_stone_wall_inventory.png,images/walls/world/476_diamond_stone_wall_world.png,images/walls/color/476_diamond_stone_wall_color.png,ok,,True,https://terraria.wiki.gg/images/8/88/Diamond_Stone_Wall_%28placed%29.png?format=original,21,21,inserted,488
477,Forbidden Wall,Forbidden Wall,Decorative Walls,https://terraria.wiki.gg/wiki/Forbidden_Wall,6089,364,"[{""wall_id"": 364, ""is_safe"": 1, ""internal_name"": ""ForbiddenBlockWall"", ""name"": ""Forbidden Wall"", ""page_url"": ""https://terraria.wiki.gg/wiki/Forbidden_Wall"", ""world_image_url"": ""https://terraria.wiki.gg/images/Forbidden_Wall_%28placed%29.png?format=original""}]",https://terraria.wiki.gg/images/Forbidden_Wall.png?format=original,https://terraria.wiki.gg/images/Forbidden_Wall_%28placed%29.png?format=original,https://terraria.wiki.gg/images/Forbidden_Wall_%28placed%29.png?format=original,images/walls/inventory/477_forbidden_wall_inventory.png,images/walls/world/477_forbidden_wall_world.png,images/walls/color/477_forbidden_wall_color.png,ok,,False,https://terraria.wiki.gg/images/Forbidden_Wall_%28placed%29.png?format=original,21,25,inserted,489
478,Mythril Brick Wall,Mythril Brick Wall,Metal Walls,https://terraria.wiki.gg/wiki/Mythril_Brick_Wall,421,26,"[{""wall_id"": 26, ""is_safe"": 1, ""internal_name"": ""MythrilBrick"", ""name"": ""Mythril Brick Wall"", ""page_url"": ""https://terraria.wiki.gg/wiki/Mythril_Brick_Wall"", ""world_image_url"": ""https://terraria.wiki.gg/images/Mythril_Brick_Wall_%28placed%29.png?format=original""}]",https://terraria.wiki.gg/images/Mythril_Brick_Wall.png?format=original,https://terraria.wiki.gg/images/Mythril_Brick_Wall_%28placed%29.png?format=original,https://terraria.wiki.gg/images/Mythril_Brick_Wall_%28placed%29.png?format=original,images/walls/inventory/478_mythril_brick_wall_inventory.png,images/walls/world/478_mythril_brick_wall_world.png,images/walls/color/478_mythril_brick_wall_color.png,ok,,False,https://terraria.wiki.gg/images/3/3f/Mythril_Brick_Wall_%28placed%29.png?format=original,21,29,inserted,490
479,Ducky Wallpaper,Ducky Wallpaper,Wallpaper,https://terraria.wiki.gg/wiki/Wallpapers,2160,135,"[{""wall_id"": 135, ""is_safe"": 1, ""internal_name"": ""DuckyWallpaper"", ""name"": ""Ducky Wallpaper"", ""page_url"": ""https://terraria.wiki.gg/wiki/Wallpapers"", ""world_image_url"": ""https://terraria.wiki.gg/images/Ducky_Wallpaper_%28placed%29.png?format=original""}]",https://terraria.wiki.gg/images/Ducky_Wallpaper.png?format=original,https://terraria.wiki.gg/images/Ducky_Wallpaper_%28placed%29.png?format=original,https://terraria.wiki.gg/images/Ducky_Wallpaper_%28placed%29.png?format=original,images/walls/inventory/479_ducky_wallpaper_inventory.png,images/walls/world/479_ducky_wallpaper_world.png,images/walls/color/479_ducky_wallpaper_color.png,ok,,True,https://terraria.wiki.gg/images/e/e9/Ducky_Wallpaper_%28placed%29.png?format=original,21,33,inserted,491
480,Ember Wall,Ember Wall,Soil Walls,https://terraria.wiki.gg/wiki/Lava_Walls,4533,296,"[{""wall_id"": 208, ""is_safe"": 0, ""internal_name"": ""LavaUnsafe1"", ""name"": ""Ember Wall"", ""page_url"": ""https://terraria.wiki.gg/wiki/Ember_Wall"", ""world_image_url"": ""https://terraria.wiki.gg/images/Ember_Wall_%28placed%29.png?format=original""}, {""wall_id"": 296, ""is_safe"": 1, ""internal_name"": ""Lava1Echo"", ""name"": ""Ember Wall"", ""page_url"": ""https://terraria.wiki.gg/wiki/Ember_Wall"", ""world_image_url"": ""https://terraria.wiki.gg/images/Ember_Wall_%28placed%29.png?format=original""}]",https://terraria.wiki.gg/images/Ember_Wall.png?format=original,https://terraria.wiki.gg/images/Ember_Wall_%28placed%29.png?format=original,https://terraria.wiki.gg/images/Ember_Wall_%28placed%29.png?format=original,images/walls/inventory/480_ember_wall_inventory.png,images/walls/world/480_ember_wall_world.png,images/walls/color/480_ember_wall_color.png,ok,,True,https://terraria.wiki.gg/images/7/78/Ember_Wall_%28placed%29.png?format=original,22,1,inserted,492
481,Ash Wood Fence,Ash Wood Fence,Wood Walls,https://terraria.wiki.gg/wiki/Fences,5217,317,"[{""wall_id"": 317, ""is_safe"": 1, ""internal_name"": ""AshWoodFence"", ""name"": ""Ash Wood Fence"", ""page_url"": ""https://terraria.wiki.gg/wiki/Fences"", ""world_image_url"": ""https://terraria.wiki.gg/images/Ash_Wood_Fence_%28placed%29.png?format=original""}]",https://terraria.wiki.gg/images/Ash_Wood_Fence.png?format=original,https://terraria.wiki.gg/images/Ash_Wood_Fence_%28placed%29.png?format=original,https://terraria.wiki.gg/images/Ash_Wood_Fence_%28placed%29.png?format=original,images/walls/inventory/481_ash_wood_fence_inventory.png,images/walls/world/481_ash_wood_fence_world.png,images/walls/color/481_ash_wood_fence_color.png,ok,,True,https://terraria.wiki.gg/images/1/18/Ash_Wood_Fence_%28placed%29.png?format=original,22,9,inserted,493
482,Crimson Crust Wall,Crimson Crust Wall,Stone Walls,https://terraria.wiki.gg/wiki/Crimson_Walls,4517,280,"[{""wall_id"": 192, ""is_safe"": 0, ""internal_name"": ""CrimsonUnsafe1"", ""name"": ""Crimson Crust Wall"", ""page_url"": ""https://terraria.wiki.gg/wiki/Crimson_Crust_Wall"", ""world_image_url"": ""https://terraria.wiki.gg/images/Crimson_Crust_Wall_%28placed%29.png?format=original""}, {""wall_id"": 280, ""is_safe"": 1, ""internal_name"": ""Crimson1Echo"", ""name"": ""Crimson Crust Wall"", ""page_url"": ""https://terraria.wiki.gg/wiki/Crimson_Crust_Wall"", ""world_image_url"": ""https://terraria.wiki.gg/images/Crimson_Crust_Wall_%28placed%29.png?format=original""}]",https://terraria.wiki.gg/images/Crimson_Crust_Wall.png?format=original,https://terraria.wiki.gg/images/Crimson_Crust_Wall_%28placed%29.png?format=original,https://terraria.wiki.gg/images/Crimson_Crust_Wall_%28placed%29.png?format=original,images/walls/inventory/482_crimson_crust_wall_inventory.png,images/walls/world/482_crimson_crust_wall_world.png,images/walls/color/482_crimson_crust_wall_color.png,ok,,True,https://terraria.wiki.gg/images/3/34/Crimson_Crust_Wall_%28placed%29.png?format=original,22,13,inserted,494
483,Ancient Blue Brick Wall,Ancient Blue Brick Wall,Brick Walls,https://terraria.wiki.gg/wiki/Ancient_Dungeon_Brick_Walls,5418,331,"[{""wall_id"": 331, ""is_safe"": 1, ""internal_name"": ""AncientBlueBrickWall"", ""name"": ""Ancient Blue Brick Wall"", ""page_url"": ""https://terraria.wiki.gg/wiki/Ancient_Blue_Brick_Wall"", ""world_image_url"": ""https://terraria.wiki.gg/images/Ancient_Blue_Brick_Wall_%28placed%29.png?format=original""}]",https://terraria.wiki.gg/images/Ancient_Blue_Brick_Wall.png?format=original,https://terraria.wiki.gg/images/Ancient_Blue_Brick_Wall_%28placed%29.png?format=original,https://terraria.wiki.gg/images/Ancient_Blue_Brick_Wall_%28placed%29.png?format=original,images/walls/inventory/483_ancient_blue_brick_wall_inventory.png,images/walls/world/483_ancient_blue_brick_wall_world.png,images/walls/color/483_ancient_blue_brick_wall_color.png,ok,,True,https://terraria.wiki.gg/images/a/a8/Ancient_Blue_Brick_Wall_%28placed%29.png?format=original,22,17,inserted,495
484,Amber Stone Wall,Amber Stone Wall,Gem Walls,https://terraria.wiki.gg/wiki/Gemstone_Walls,4647,314,"[{""wall_id"": 314, ""is_safe"": 1, ""internal_name"": ""AmberStoneWallEcho"", ""name"": ""Amber Stone Wall"", ""page_url"": ""https://terraria.wiki.gg/wiki/Gemstone_Walls"", ""world_image_url"": ""https://terraria.wiki.gg/images/Amber_Stone_Wall_%28placed%29.png?format=original""}]",https://terraria.wiki.gg/images/Amber_Stone_Wall.png?format=original,https://terraria.wiki.gg/images/Amber_Stone_Wall_%28placed%29.png?format=original,https://terraria.wiki.gg/images/Amber_Stone_Wall_%28placed%29.png?format=original,images/walls/inventory/484_amber_stone_wall_inventory.png,images/walls/world/484_amber_stone_wall_world.png,images/walls/color/484_amber_stone_wall_color.png,ok,,True,https://terraria.wiki.gg/images/0/0e/Amber_Stone_Wall_%28placed%29.png?format=original,22,21,inserted,496
485,Aquarium Wall,Aquarium Wall,Decorative Walls,https://terraria.wiki.gg/wiki/Aquarium_Wall,6110,365,"[{""wall_id"": 365, ""is_safe"": 1, ""internal_name"": ""WaterBlockWall"", ""name"": ""Aquarium Wall"", ""page_url"": ""https://terraria.wiki.gg/wiki/Aquarium_Wall"", ""world_image_url"": ""https://terraria.wiki.gg/images/Aquarium_Wall_%28placed%29.gif?format=original""}]",https://terraria.wiki.gg/images/Aquarium_Wall.png?format=original,https://terraria.wiki.gg/images/Aquarium_Wall_%28placed%29.gif?format=original,https://terraria.wiki.gg/images/Aquarium_Wall_%28placed%29.gif?format=original,images/walls/inventory/485_aquarium_wall_inventory.png,images/walls/world/485_aquarium_wall_world.gif,images/walls/color/485_aquarium_wall_color.gif,ok,,False,https://terraria.wiki.gg/images/Aquarium_Wall_%28placed%29.gif?format=original,22,25,inserted,497
486,Bubblegum Block Wall,Bubblegum Block Wall,Metal Walls,https://terraria.wiki.gg/wiki/Bubblegum_Block_Wall,1592,110,"[{""wall_id"": 110, ""is_safe"": 1, ""internal_name"": ""BubblegumBlock"", ""name"": ""Bubblegum Block Wall"", ""page_url"": ""https://terraria.wiki.gg/wiki/Bubblegum_Block_Wall"", ""world_image_url"": ""https://terraria.wiki.gg/images/Bubblegum_Block_Wall_%28placed%29.png?format=original""}]",https://terraria.wiki.gg/images/Bubblegum_Block_Wall.png?format=original,https://terraria.wiki.gg/images/Bubblegum_Block_Wall_%28placed%29.png?format=original,https://terraria.wiki.gg/images/Bubblegum_Block_Wall_%28placed%29.png?format=original,images/walls/inventory/486_bubblegum_block_wall_inventory.png,images/walls/world/486_bubblegum_block_wall_world.png,images/walls/color/486_bubblegum_block_wall_color.png,ok,,False,https://terraria.wiki.gg/images/9/9f/Bubblegum_Block_Wall_%28placed%29.png?format=original,22,29,inserted,498
487,Arcane Rune Wall,Arcane Rune Wall,Wallpaper,https://terraria.wiki.gg/wiki/Arcane_Rune_Wall,2271,144,"[{""wall_id"": 144, ""is_safe"": 1, ""internal_name"": ""ArcaneRunes"", ""name"": ""Arcane Rune Wall"", ""page_url"": ""https://terraria.wiki.gg/wiki/Arcane_Rune_Wall"", ""world_image_url"": ""https://terraria.wiki.gg/images/Arcane_Rune_Wall_%28placed%29.gif?format=original""}]",https://terraria.wiki.gg/images/Arcane_Rune_Wall.png?format=original,https://terraria.wiki.gg/images/Arcane_Rune_Wall_%28placed%29.gif?format=original,https://terraria.wiki.gg/images/Arcane_Rune_Wall_%28placed%29.gif?format=original,images/walls/inventory/487_arcane_rune_wall_inventory.png,images/walls/world/487_arcane_rune_wall_world.gif,images/walls/color/487_arcane_rune_wall_color.gif,ok,,False,https://terraria.wiki.gg/images/7/74/Arcane_Rune_Wall_%28placed%29.gif?format=original,22,33,inserted,499
488,Cinder Wall,Cinder Wall,Soil Walls,https://terraria.wiki.gg/wiki/Lava_Walls,4534,297,"[{""wall_id"": 209, ""is_safe"": 0, ""internal_name"": ""LavaUnsafe2"", ""name"": ""Cinder Wall"", ""page_url"": ""https://terraria.wiki.gg/wiki/Cinder_Wall"", ""world_image_url"": ""https://terraria.wiki.gg/images/Cinder_Wall_%28placed%29.png?format=original""}, {""wall_id"": 297, ""is_safe"": 1, ""internal_name"": ""Lava2Echo"", ""name"": ""Cinder Wall"", ""page_url"": ""https://terraria.wiki.gg/wiki/Cinder_Wall"", ""world_image_url"": ""https://terraria.wiki.gg/images/Cinder_Wall_%28placed%29.png?format=original""}]",https://terraria.wiki.gg/images/Cinder_Wall.png?format=original,https://terraria.wiki.gg/images/Cinder_Wall_%28placed%29.png?format=original,https://terraria.wiki.gg/images/Cinder_Wall_%28placed%29.png?format=original,images/walls/inventory/488_cinder_wall_inventory.png,images/walls/world/488_cinder_wall_world.png,images/walls/color/488_cinder_wall_color.png,ok,,True,https://terraria.wiki.gg/images/f/f2/Cinder_Wall_%28placed%29.png?format=original,23,1,inserted,500
489,Ebonwood Fence,Ebonwood Fence,Wood Walls,https://terraria.wiki.gg/wiki/Fences,2210,138,"[{""wall_id"": 138, ""is_safe"": 1, ""internal_name"": ""EbonwoodFence"", ""name"": ""Ebonwood Fence"", ""page_url"": ""https://terraria.wiki.gg/wiki/Fences"", ""world_image_url"": ""https://terraria.wiki.gg/images/Ebonwood_Fence_%28placed%29.png?format=original""}]",https://terraria.wiki.gg/images/Ebonwood_Fence.png?format=original,https://terraria.wiki.gg/images/Ebonwood_Fence_%28placed%29.png?format=original,https://terraria.wiki.gg/images/Ebonwood_Fence_%28placed%29.png?format=original,images/walls/inventory/489_ebonwood_fence_inventory.png,images/walls/world/489_ebonwood_fence_world.png,images/walls/color/489_ebonwood_fence_color.png,ok,,True,https://terraria.wiki.gg/images/6/6a/Ebonwood_Fence_%28placed%29.png?format=original,23,9,inserted,501
490,Crimson Scab Wall,Crimson Scab Wall,Stone Walls,https://terraria.wiki.gg/wiki/Crimson_Walls,4518,281,"[{""wall_id"": 193, ""is_safe"": 0, ""internal_name"": ""CrimsonUnsafe2"", ""name"": ""Crimson Scab Wall"", ""page_url"": ""https://terraria.wiki.gg/wiki/Crimson_Scab_Wall"", ""world_image_url"": ""https://terraria.wiki.gg/images/Crimson_Scab_Wall_%28placed%29.png?format=original""}, {""wall_id"": 281, ""is_safe"": 1, ""internal_name"": ""Crimson2Echo"", ""name"": ""Crimson Scab Wall"", ""page_url"": ""https://terraria.wiki.gg/wiki/Crimson_Scab_Wall"", ""world_image_url"": ""https://terraria.wiki.gg/images/Crimson_Scab_Wall_%28placed%29.png?format=original""}]",https://terraria.wiki.gg/images/Crimson_Scab_Wall.png?format=original,https://terraria.wiki.gg/images/Crimson_Scab_Wall_%28placed%29.png?format=original,https://terraria.wiki.gg/images/Crimson_Scab_Wall_%28placed%29.png?format=original,images/walls/inventory/490_crimson_scab_wall_inventory.png,images/walls/world/490_crimson_scab_wall_world.png,images/walls/color/490_crimson_scab_wall_color.png,ok,,True,https://terraria.wiki.gg/images/f/fd/Crimson_Scab_Wall_%28placed%29.png?format=original,23,13,inserted,502
491,Ancient Pink Brick Wall,Ancient Pink Brick Wall,Brick Walls,https://terraria.wiki.gg/wiki/Ancient_Dungeon_Brick_Walls,5422,333,"[{""wall_id"": 333, ""is_safe"": 1, ""internal_name"": ""AncientPinkBrickWall"", ""name"": ""Ancient Pink Brick Wall"", ""page_url"": ""https://terraria.wiki.gg/wiki/Ancient_Pink_Brick_Wall"", ""world_image_url"": ""https://terraria.wiki.gg/images/Ancient_Pink_Brick_Wall_%28placed%29.png?format=original""}]",https://terraria.wiki.gg/images/Ancient_Pink_Brick_Wall.png?format=original,https://terraria.wiki.gg/images/Ancient_Pink_Brick_Wall_%28placed%29.png?format=original,https://terraria.wiki.gg/images/Ancient_Pink_Brick_Wall_%28placed%29.png?format=original,images/walls/inventory/491_ancient_pink_brick_wall_inventory.png,images/walls/world/491_ancient_pink_brick_wall_world.png,images/walls/color/491_ancient_pink_brick_wall_color.png,ok,,True,https://terraria.wiki.gg/images/e/ec/Ancient_Pink_Brick_Wall_%28placed%29.png?format=original,23,17,inserted,503
492,Purple Stained Glass,Purple Stained Glass,Gem Walls,https://terraria.wiki.gg/wiki/Stained_Glass,1267,88,"[{""wall_id"": 88, ""is_safe"": 1, ""internal_name"": ""PurpleStainedGlass"", ""name"": ""Purple Stained Glass"", ""page_url"": ""https://terraria.wiki.gg/wiki/Stained_Glass"", ""world_image_url"": ""https://terraria.wiki.gg/images/Purple_Stained_Glass_%28placed%29.png?format=original""}]",https://terraria.wiki.gg/images/Purple_Stained_Glass.png?format=original,https://terraria.wiki.gg/images/Purple_Stained_Glass_%28placed%29.png?format=original,https://terraria.wiki.gg/images/Purple_Stained_Glass_%28placed%29.png?format=original,images/walls/inventory/492_purple_stained_glass_inventory.png,images/walls/world/492_purple_stained_glass_world.png,images/walls/color/492_purple_stained_glass_color.png,ok,,True,https://terraria.wiki.gg/images/f/fd/Purple_Stained_Glass_%28placed%29.png?format=original,23,21,inserted,504
493,Harpy Wall,Harpy Wall,Decorative Walls,https://terraria.wiki.gg/wiki/Harpy_Wall,5954,359,"[{""wall_id"": 359, ""is_safe"": 1, ""internal_name"": ""HarpyBlockWall"", ""name"": ""Harpy Wall"", ""page_url"": ""https://terraria.wiki.gg/wiki/Harpy_Wall"", ""world_image_url"": ""https://terraria.wiki.gg/images/Harpy_Wall_%28placed%29.png?format=original""}]",https://terraria.wiki.gg/images/Harpy_Wall.png?format=original,https://terraria.wiki.gg/images/Harpy_Wall_%28placed%29.png?format=original,https://terraria.wiki.gg/images/Harpy_Wall_%28placed%29.png?format=original,images/walls/inventory/493_harpy_wall_inventory.png,images/walls/world/493_harpy_wall_world.png,images/walls/color/493_harpy_wall_color.png,ok,,False,https://terraria.wiki.gg/images/Harpy_Wall_%28placed%29.png?532ecf?format=original,23,25,inserted,505
494,Adamantite Beam Wall,Adamantite Beam Wall,Metal Walls,https://terraria.wiki.gg/wiki/Adamantite_Beam_Wall,605,32,"[{""wall_id"": 32, ""is_safe"": 1, ""internal_name"": ""AdamantiteBeam"", ""name"": ""Adamantite Beam Wall"", ""page_url"": ""https://terraria.wiki.gg/wiki/Adamantite_Beam_Wall"", ""world_image_url"": ""https://terraria.wiki.gg/images/Adamantite_Beam_Wall_%28placed%29.png?format=original""}]",https://terraria.wiki.gg/images/Adamantite_Beam_Wall.png?format=original,https://terraria.wiki.gg/images/Adamantite_Beam_Wall_%28placed%29.png?format=original,https://terraria.wiki.gg/images/Adamantite_Beam_Wall_%28placed%29.png?format=original,images/walls/inventory/494_adamantite_beam_wall_inventory.png,images/walls/world/494_adamantite_beam_wall_world.png,images/walls/color/494_adamantite_beam_wall_color.png,ok,,False,https://terraria.wiki.gg/images/5/55/Adamantite_Beam_Wall_%28placed%29.png?format=original,23,29,inserted,506
495,Sail,Sail,Wallpaper,https://terraria.wiki.gg/wiki/Sail,2434,148,"[{""wall_id"": 148, ""is_safe"": 1, ""internal_name"": ""Sail"", ""name"": ""Sail"", ""page_url"": ""https://terraria.wiki.gg/wiki/Sail"", ""world_image_url"": ""https://terraria.wiki.gg/images/Sail_%28placed%29.png?format=original""}]",https://terraria.wiki.gg/images/Sail.png?format=original,https://terraria.wiki.gg/images/Sail_%28placed%29.png?format=original,https://terraria.wiki.gg/images/Sail_%28placed%29.png?format=original,images/walls/inventory/495_sail_inventory.png,images/walls/world/495_sail_world.png,images/walls/color/495_sail_color.png,ok,,False,https://terraria.wiki.gg/images/0/04/Sail_%28placed%29.png?format=original,23,33,inserted,507
496,Magma Wall,Magma Wall,Soil Walls,https://terraria.wiki.gg/wiki/Lava_Walls,4535,298,"[{""wall_id"": 210, ""is_safe"": 0, ""internal_name"": ""LavaUnsafe3"", ""name"": ""Magma Wall"", ""page_url"": ""https://terraria.wiki.gg/wiki/Magma_Wall"", ""world_image_url"": ""https://terraria.wiki.gg/images/Magma_Wall_%28placed%29.png?format=original""}, {""wall_id"": 298, ""is_safe"": 1, ""internal_name"": ""Lava3Echo"", ""name"": ""Magma Wall"", ""page_url"": ""https://terraria.wiki.gg/wiki/Magma_Wall"", ""world_image_url"": ""https://terraria.wiki.gg/images/Magma_Wall_%28placed%29.png?format=original""}]",https://terraria.wiki.gg/images/Magma_Wall.png?format=original,https://terraria.wiki.gg/images/Magma_Wall_%28placed%29.png?format=original,https://terraria.wiki.gg/images/Magma_Wall_%28placed%29.png?format=original,images/walls/inventory/496_magma_wall_inventory.png,images/walls/world/496_magma_wall_world.png,images/walls/color/496_magma_wall_color.png,ok,,True,https://terraria.wiki.gg/images/9/9e/Magma_Wall_%28placed%29.png?format=original,24,1,inserted,508
497,Shadewood Fence,Shadewood Fence,Wood Walls,https://terraria.wiki.gg/wiki/Fences,2213,141,"[{""wall_id"": 141, ""is_safe"": 1, ""internal_name"": ""ShadewoodFence"", ""name"": ""Shadewood Fence"", ""page_url"": ""https://terraria.wiki.gg/wiki/Fences"", ""world_image_url"": ""https://terraria.wiki.gg/images/Shadewood_Fence_%28placed%29.png?format=original""}]",https://terraria.wiki.gg/images/Shadewood_Fence.png?format=original,https://terraria.wiki.gg/images/Shadewood_Fence_%28placed%29.png?format=original,https://terraria.wiki.gg/images/Shadewood_Fence_%28placed%29.png?format=original,images/walls/inventory/497_shadewood_fence_inventory.png,images/walls/world/497_shadewood_fence_world.png,images/walls/color/497_shadewood_fence_color.png,ok,,True,https://terraria.wiki.gg/images/8/87/Shadewood_Fence_%28placed%29.png?format=original,24,9,inserted,509
498,Crimson Teeth Wall,Crimson Teeth Wall,Stone Walls,https://terraria.wiki.gg/wiki/Crimson_Walls,4519,282,"[{""wall_id"": 194, ""is_safe"": 0, ""internal_name"": ""CrimsonUnsafe3"", ""name"": ""Crimson Teeth Wall"", ""page_url"": ""https://terraria.wiki.gg/wiki/Crimson_Teeth_Wall"", ""world_image_url"": ""https://terraria.wiki.gg/images/Crimson_Teeth_Wall_%28placed%29.png?format=original""}, {""wall_id"": 282, ""is_safe"": 1, ""internal_name"": ""Crimson3Echo"", ""name"": ""Crimson Teeth Wall"", ""page_url"": ""https://terraria.wiki.gg/wiki/Crimson_Teeth_Wall"", ""world_image_url"": ""https://terraria.wiki.gg/images/Crimson_Teeth_Wall_%28placed%29.png?format=original""}]",https://terraria.wiki.gg/images/Crimson_Teeth_Wall.png?format=original,https://terraria.wiki.gg/images/Crimson_Teeth_Wall_%28placed%29.png?format=original,https://terraria.wiki.gg/images/Crimson_Teeth_Wall_%28placed%29.png?format=original,images/walls/inventory/498_crimson_teeth_wall_inventory.png,images/walls/world/498_crimson_teeth_wall_world.png,images/walls/color/498_crimson_teeth_wall_color.png,ok,,True,https://terraria.wiki.gg/images/d/d5/Crimson_Teeth_Wall_%28placed%29.png?format=original,24,13,inserted,510
499,Ancient Green Brick Wall,Ancient Green Brick Wall,Brick Walls,https://terraria.wiki.gg/wiki/Ancient_Dungeon_Brick_Walls,5420,332,"[{""wall_id"": 332, ""is_safe"": 1, ""internal_name"": ""AncientGreenBrickWall"", ""name"": ""Ancient Green Brick Wall"", ""page_url"": ""https://terraria.wiki.gg/wiki/Ancient_Green_Brick_Wall"", ""world_image_url"": ""https://terraria.wiki.gg/images/Ancient_Green_Brick_Wall_%28placed%29.png?format=original""}]",https://terraria.wiki.gg/images/Ancient_Green_Brick_Wall.png?format=original,https://terraria.wiki.gg/images/Ancient_Green_Brick_Wall_%28placed%29.png?format=original,https://terraria.wiki.gg/images/Ancient_Green_Brick_Wall_%28placed%29.png?format=original,images/walls/inventory/499_ancient_green_brick_wall_inventory.png,images/walls/world/499_ancient_green_brick_wall_world.png,images/walls/color/499_ancient_green_brick_wall_color.png,ok,,True,https://terraria.wiki.gg/images/9/94/Ancient_Green_Brick_Wall_%28placed%29.png?format=original,24,17,inserted,511
500,Yellow Stained Glass,Yellow Stained Glass,Gem Walls,https://terraria.wiki.gg/wiki/Stained_Glass,1268,89,"[{""wall_id"": 89, ""is_safe"": 1, ""internal_name"": ""YellowStainedGlass"", ""name"": ""Yellow Stained Glass"", ""page_url"": ""https://terraria.wiki.gg/wiki/Stained_Glass"", ""world_image_url"": ""https://terraria.wiki.gg/images/Yellow_Stained_Glass_%28placed%29.png?format=original""}]",https://terraria.wiki.gg/images/Yellow_Stained_Glass.png?format=original,https://terraria.wiki.gg/images/Yellow_Stained_Glass_%28placed%29.png?format=original,https://terraria.wiki.gg/images/Yellow_Stained_Glass_%28placed%29.png?format=original,images/walls/inventory/500_yellow_stained_glass_inventory.png,images/walls/world/500_yellow_stained_glass_world.png,images/walls/color/500_yellow_stained_glass_color.png,ok,,True,https://terraria.wiki.gg/images/1/1b/Yellow_Stained_Glass_%28placed%29.png?format=original,24,21,inserted,512
501,Hive Wall,Hive Wall,Decorative Walls,https://terraria.wiki.gg/wiki/Hive_Wall,1126,108,"[{""wall_id"": 86, ""is_safe"": 0, ""internal_name"": ""HiveUnsafe"", ""name"": ""Hive Wall"", ""page_url"": ""https://terraria.wiki.gg/wiki/Hive_Wall"", ""world_image_url"": ""https://terraria.wiki.gg/images/Hive_Wall_%28placed%29.png?format=original""}, {""wall_id"": 108, ""is_safe"": 1, ""internal_name"": ""Hive"", ""name"": ""Hive Wall"", ""page_url"": ""https://terraria.wiki.gg/wiki/Hive_Wall"", ""world_image_url"": ""https://terraria.wiki.gg/images/Hive_Wall_%28placed%29.png?format=original""}]",https://terraria.wiki.gg/images/Hive_Wall.png?format=original,https://terraria.wiki.gg/images/Hive_Wall_%28placed%29.png?format=original,https://terraria.wiki.gg/images/Hive_Wall_%28placed%29.png?format=original,images/walls/inventory/501_hive_wall_inventory.png,images/walls/world/501_hive_wall_world.png,images/walls/color/501_hive_wall_color.png,ok,,False,https://terraria.wiki.gg/images/0/08/Hive_Wall_%28placed%29.png?format=original,24,25,inserted,513
502,Titanstone Block Wall,Titanstone Block Wall,Metal Walls,https://terraria.wiki.gg/wiki/Titanstone_Block_Wall,1594,111,"[{""wall_id"": 111, ""is_safe"": 1, ""internal_name"": ""TitanstoneBlock"", ""name"": ""Titanstone Block Wall"", ""page_url"": ""https://terraria.wiki.gg/wiki/Titanstone_Block_Wall"", ""world_image_url"": ""https://terraria.wiki.gg/images/Titanstone_Block_Wall_%28placed%29.png?format=original""}]",https://terraria.wiki.gg/images/Titanstone_Block_Wall.png?format=original,https://terraria.wiki.gg/images/Titanstone_Block_Wall_%28placed%29.png?format=original,https://terraria.wiki.gg/images/Titanstone_Block_Wall_%28placed%29.png?format=original,images/walls/inventory/502_titanstone_block_wall_inventory.png,images/walls/world/502_titanstone_block_wall_world.png,images/walls/color/502_titanstone_block_wall_color.png,ok,,False,https://terraria.wiki.gg/images/2/2f/Titanstone_Block_Wall_%28placed%29.png?format=original,24,29,inserted,514
503,Smouldering Stone Wall,Smouldering Stone Wall,Soil Walls,https://terraria.wiki.gg/wiki/Lava_Walls,4536,299,"[{""wall_id"": 211, ""is_safe"": 0, ""internal_name"": ""LavaUnsafe4"", ""name"": ""Smouldering Stone Wall"", ""page_url"": ""https://terraria.wiki.gg/wiki/Smouldering_Stone_Wall"", ""world_image_url"": ""https://terraria.wiki.gg/images/Smouldering_Stone_Wall_%28placed%29.png?format=original""}, {""wall_id"": 299, ""is_safe"": 1, ""internal_name"": ""Lava4Echo"", ""name"": ""Smouldering Stone Wall"", ""page_url"": ""https://terraria.wiki.gg/wiki/Smouldering_Stone_Wall"", ""world_image_url"": ""https://terraria.wiki.gg/images/Smouldering_Stone_Wall_%28placed%29.png?format=original""}]",https://terraria.wiki.gg/images/Smouldering_Stone_Wall.png?format=original,https://terraria.wiki.gg/images/Smouldering_Stone_Wall_%28placed%29.png?format=original,https://terraria.wiki.gg/images/Smouldering_Stone_Wall_%28placed%29.png?format=original,images/walls/inventory/503_smouldering_stone_wall_inventory.png,images/walls/world/503_smouldering_stone_wall_world.png,images/walls/color/503_smouldering_stone_wall_color.png,ok,,True,https://terraria.wiki.gg/images/6/60/Smouldering_Stone_Wall_%28placed%29.png?format=original,25,1,inserted,515
504,Pearlwood Fence,Pearlwood Fence,Wood Walls,https://terraria.wiki.gg/wiki/Fences,2212,140,"[{""wall_id"": 140, ""is_safe"": 1, ""internal_name"": ""PearlwoodFence"", ""name"": ""Pearlwood Fence"", ""page_url"": ""https://terraria.wiki.gg/wiki/Fences"", ""world_image_url"": ""https://terraria.wiki.gg/images/Pearlwood_Fence_%28placed%29.png?format=original""}]",https://terraria.wiki.gg/images/Pearlwood_Fence.png?format=original,https://terraria.wiki.gg/images/Pearlwood_Fence_%28placed%29.png?format=original,https://terraria.wiki.gg/images/Pearlwood_Fence_%28placed%29.png?format=original,images/walls/inventory/504_pearlwood_fence_inventory.png,images/walls/world/504_pearlwood_fence_world.png,images/walls/color/504_pearlwood_fence_color.png,ok,,True,https://terraria.wiki.gg/images/6/6b/Pearlwood_Fence_%28placed%29.png?format=original,25,9,inserted,516
505,Crimson Blister Wall,Crimson Blister Wall,Stone Walls,https://terraria.wiki.gg/wiki/Crimson_Walls,4520,283,"[{""wall_id"": 195, ""is_safe"": 0, ""internal_name"": ""CrimsonUnsafe4"", ""name"": ""Crimson Blister Wall"", ""page_url"": ""https://terraria.wiki.gg/wiki/Crimson_Blister_Wall"", ""world_image_url"": ""https://terraria.wiki.gg/images/Crimson_Blister_Wall_%28placed%29.png?format=original""}, {""wall_id"": 283, ""is_safe"": 1, ""internal_name"": ""Crimson4Echo"", ""name"": ""Crimson Blister Wall"", ""page_url"": ""https://terraria.wiki.gg/wiki/Crimson_Blister_Wall"", ""world_image_url"": ""https://terraria.wiki.gg/images/Crimson_Blister_Wall_%28placed%29.png?format=original""}]",https://terraria.wiki.gg/images/Crimson_Blister_Wall.png?format=original,https://terraria.wiki.gg/images/Crimson_Blister_Wall_%28placed%29.png?format=original,https://terraria.wiki.gg/images/Crimson_Blister_Wall_%28placed%29.png?format=original,images/walls/inventory/505_crimson_blister_wall_inventory.png,images/walls/world/505_crimson_blister_wall_world.png,images/walls/color/505_crimson_blister_wall_color.png,ok,,True,https://terraria.wiki.gg/images/d/db/Crimson_Blister_Wall_%28placed%29.png?format=original,25,13,inserted,517
506,Ancient Gold Brick Wall,Ancient Gold Brick Wall,Brick Walls,https://terraria.wiki.gg/wiki/Ancient_Gold_Brick_Wall,5424,334,"[{""wall_id"": 334, ""is_safe"": 1, ""internal_name"": ""AncientGoldBrickWall"", ""name"": ""Ancient Gold Brick Wall"", ""page_url"": ""https://terraria.wiki.gg/wiki/Ancient_Gold_Brick_Wall"", ""world_image_url"": ""https://terraria.wiki.gg/images/Ancient_Gold_Brick_Wall_%28placed%29.png?format=original""}]",https://terraria.wiki.gg/images/Ancient_Gold_Brick_Wall.png?format=original,https://terraria.wiki.gg/images/Ancient_Gold_Brick_Wall_%28placed%29.png?format=original,https://terraria.wiki.gg/images/Ancient_Gold_Brick_Wall_%28placed%29.png?format=original,images/walls/inventory/506_ancient_gold_brick_wall_inventory.png,images/walls/world/506_ancient_gold_brick_wall_world.png,images/walls/color/506_ancient_gold_brick_wall_color.png,ok,,False,https://terraria.wiki.gg/images/0/0c/Ancient_Gold_Brick_Wall_%28placed%29.png?format=original,25,17,inserted,518
507,Blue Stained Glass,Blue Stained Glass,Gem Walls,https://terraria.wiki.gg/wiki/Stained_Glass,1269,90,"[{""wall_id"": 90, ""is_safe"": 1, ""internal_name"": ""BlueStainedGlass"", ""name"": ""Blue Stained Glass"", ""page_url"": ""https://terraria.wiki.gg/wiki/Stained_Glass"", ""world_image_url"": ""https://terraria.wiki.gg/images/Blue_Stained_Glass_%28placed%29.png?format=original""}]",https://terraria.wiki.gg/images/Blue_Stained_Glass.png?format=original,https://terraria.wiki.gg/images/Blue_Stained_Glass_%28placed%29.png?format=original,https://terraria.wiki.gg/images/Blue_Stained_Glass_%28placed%29.png?format=original,images/walls/inventory/507_blue_stained_glass_inventory.png,images/walls/world/507_blue_stained_glass_world.png,images/walls/color/507_blue_stained_glass_color.png,ok,,True,https://terraria.wiki.gg/images/c/c2/Blue_Stained_Glass_%28placed%29.png?format=original,25,21,inserted,519
508,Pumpkin Wall,Pumpkin Wall,Decorative Walls,https://terraria.wiki.gg/wiki/Pumpkin_Wall,1726,113,"[{""wall_id"": 113, ""is_safe"": 1, ""internal_name"": ""Pumpkin"", ""name"": ""Pumpkin Wall"", ""page_url"": ""https://terraria.wiki.gg/wiki/Pumpkin_Wall"", ""world_image_url"": ""https://terraria.wiki.gg/images/Pumpkin_Wall_%28placed%29.png?format=original""}]",https://terraria.wiki.gg/images/Pumpkin_Wall.png?format=original,https://terraria.wiki.gg/images/Pumpkin_Wall_%28placed%29.png?format=original,https://terraria.wiki.gg/images/Pumpkin_Wall_%28placed%29.png?format=original,images/walls/inventory/508_pumpkin_wall_inventory.png,images/walls/world/508_pumpkin_wall_world.png,images/walls/color/508_pumpkin_wall_color.png,ok,,False,https://terraria.wiki.gg/images/4/4d/Pumpkin_Wall_%28placed%29.png?format=original,25,25,inserted,520
509,Hallowed Brick Wall,Hallowed Brick Wall,Metal Walls,https://terraria.wiki.gg/wiki/Hallowed_Brick_Wall,5734,352,"[{""wall_id"": 352, ""is_safe"": 1, ""internal_name"": ""HallowedBrickWall"", ""name"": ""Hallowed Brick Wall"", ""page_url"": ""https://terraria.wiki.gg/wiki/Hallowed_Brick_Wall"", ""world_image_url"": ""https://terraria.wiki.gg/images/Hallowed_Brick_Wall_%28placed%29.png?format=original""}]",https://terraria.wiki.gg/images/Hallowed_Brick_Wall.png?format=original,https://terraria.wiki.gg/images/Hallowed_Brick_Wall_%28placed%29.png?format=original,https://terraria.wiki.gg/images/Hallowed_Brick_Wall_%28placed%29.png?format=original,images/walls/inventory/509_hallowed_brick_wall_inventory.png,images/walls/world/509_hallowed_brick_wall_world.png,images/walls/color/509_hallowed_brick_wall_color.png,ok,,False,https://terraria.wiki.gg/images/Hallowed_Brick_Wall_%28placed%29.png?b09875?format=original,25,29,inserted,521
510,Obsidian Wall,Obsidian Wall,Soil Walls,https://terraria.wiki.gg/wiki/Lava_Walls,4507,267,"[{""wall_id"": 79, ""is_safe"": 0, ""internal_name"": ""ObsidianBackUnsafe"", ""name"": ""Obsidian Wall"", ""page_url"": ""https://terraria.wiki.gg/wiki/Obsidian_Wall"", ""world_image_url"": ""https://terraria.wiki.gg/images/Obsidian_Wall_%28placed%29.png?format=original""}, {""wall_id"": 267, ""is_safe"": 1, ""internal_name"": ""ObsidianBackEcho"", ""name"": ""Obsidian Wall"", ""page_url"": ""https://terraria.wiki.gg/wiki/Obsidian_Wall"", ""world_image_url"": ""https://terraria.wiki.gg/images/Obsidian_Wall_%28placed%29.png?format=original""}]",https://terraria.wiki.gg/images/Obsidian_Wall.png?format=original,https://terraria.wiki.gg/images/Obsidian_Wall_%28placed%29.png?format=original,https://terraria.wiki.gg/images/Obsidian_Wall_%28placed%29.png?format=original,images/walls/inventory/510_obsidian_wall_inventory.png,images/walls/world/510_obsidian_wall_world.png,images/walls/color/510_obsidian_wall_color.png,ok,,True,https://terraria.wiki.gg/images/4/4c/Obsidian_Wall_%28placed%29.png?format=original,26,1,inserted,522
326,Living Wood Wall,Overgrown Living Wood Wall,Unsafe Walls,https://terraria.wiki.gg/wiki/Living_Wood_Wall,5545,244,"[{""wall_id"": 244, ""is_safe"": 0, ""internal_name"": ""LivingWoodUnsafe"", ""name"": ""Living Wood Wall"", ""page_url"": ""https://terraria.wiki.gg/wiki/Living_Wood_Wall"", ""world_image_url"": ""https://terraria.wiki.gg/images/Living_Wood_Wall_%28placed%29.png?format=original""}, {""wall_id"": 78, ""is_safe"": 1, ""internal_name"": ""LivingWood"", ""name"": ""Living Wood Wall"", ""page_url"": ""https://terraria.wiki.gg/wiki/Living_Wood_Wall"", ""world_image_url"": ""https://terraria.wiki.gg/images/Living_Wood_Wall_%28placed%29.png?format=original""}]",https://terraria.wiki.gg/images/Overgrown_Living_Wood_Wall.png?format=original,https://terraria.wiki.gg/images/Living_Wood_Wall_%28placed%29.png?format=original,https://terraria.wiki.gg/images/Living_Wood_Wall_%28placed%29.png?format=original,images/walls/inventory/326_overgrown_living_wood_wall_inventory.png,images/walls/world/326_overgrown_living_wood_wall_world.png,images/walls/color/326_overgrown_living_wood_wall_color.png,ok,,False,https://terraria.wiki.gg/images/0/01/Living_Wood_Wall_%28placed%29.png?format=original,26,9,merged,523
511,Spider Nest Wall,Spider Nest Wall,Stone Walls,https://terraria.wiki.gg/wiki/Spider_Nest_Wall,4140,236,"[{""wall_id"": 236, ""is_safe"": 1, ""internal_name"": ""Spider"", ""name"": ""Spider Nest Wall"", ""page_url"": ""https://terraria.wiki.gg/wiki/Spider_Nest_Wall"", ""world_image_url"": ""https://terraria.wiki.gg/images/Spider_Nest_Wall_%28placed%29.png?format=original""}]",https://terraria.wiki.gg/images/Spider_Nest_Wall.png?format=original,https://terraria.wiki.gg/images/Spider_Nest_Wall_%28placed%29.png?format=original,https://terraria.wiki.gg/images/Spider_Nest_Wall_%28placed%29.png?format=original,images/walls/inventory/511_spider_nest_wall_inventory.png,images/walls/world/511_spider_nest_wall_world.png,images/walls/color/511_spider_nest_wall_color.png,ok,,False,https://terraria.wiki.gg/images/1/14/Spider_Nest_Wall_%28placed%29.png?format=original,26,13,inserted,524
512,Ancient Silver Brick Wall,Ancient Silver Brick Wall,Brick Walls,https://terraria.wiki.gg/wiki/Ancient_Silver_Brick_Wall,5426,335,"[{""wall_id"": 335, ""is_safe"": 1, ""internal_name"": ""AncientSilverBrickWall"", ""name"": ""Ancient Silver Brick Wall"", ""page_url"": ""https://terraria.wiki.gg/wiki/Ancient_Silver_Brick_Wall"", ""world_image_url"": ""https://terraria.wiki.gg/images/Ancient_Silver_Brick_Wall_%28placed%29.png?format=original""}]",https://terraria.wiki.gg/images/Ancient_Silver_Brick_Wall.png?format=original,https://terraria.wiki.gg/images/Ancient_Silver_Brick_Wall_%28placed%29.png?format=original,https://terraria.wiki.gg/images/Ancient_Silver_Brick_Wall_%28placed%29.png?format=original,images/walls/inventory/512_ancient_silver_brick_wall_inventory.png,images/walls/world/512_ancient_silver_brick_wall_world.png,images/walls/color/512_ancient_silver_brick_wall_color.png,ok,,False,https://terraria.wiki.gg/images/9/96/Ancient_Silver_Brick_Wall_%28placed%29.png?format=original,26,17,inserted,525
513,Green Stained Glass,Green Stained Glass,Gem Walls,https://terraria.wiki.gg/wiki/Stained_Glass,1270,91,"[{""wall_id"": 91, ""is_safe"": 1, ""internal_name"": ""GreenStainedGlass"", ""name"": ""Green Stained Glass"", ""page_url"": ""https://terraria.wiki.gg/wiki/Stained_Glass"", ""world_image_url"": ""https://terraria.wiki.gg/images/Green_Stained_Glass_%28placed%29.png?format=original""}]",https://terraria.wiki.gg/images/Green_Stained_Glass.png?format=original,https://terraria.wiki.gg/images/Green_Stained_Glass_%28placed%29.png?format=original,https://terraria.wiki.gg/images/Green_Stained_Glass_%28placed%29.png?format=original,images/walls/inventory/513_green_stained_glass_inventory.png,images/walls/world/513_green_stained_glass_world.png,images/walls/color/513_green_stained_glass_color.png,ok,,True,https://terraria.wiki.gg/images/3/3e/Green_Stained_Glass_%28placed%29.png?format=original,26,21,inserted,526
514,Hay Wall,Hay Wall,Decorative Walls,https://terraria.wiki.gg/wiki/Hay_Wall,1728,114,"[{""wall_id"": 114, ""is_safe"": 1, ""internal_name"": ""Hay"", ""name"": ""Hay Wall"", ""page_url"": ""https://terraria.wiki.gg/wiki/Hay_Wall"", ""world_image_url"": ""https://terraria.wiki.gg/images/Hay_Wall_%28placed%29.png?format=original""}]",https://terraria.wiki.gg/images/Hay_Wall.png?format=original,https://terraria.wiki.gg/images/Hay_Wall_%28placed%29.png?format=original,https://terraria.wiki.gg/images/Hay_Wall_%28placed%29.png?format=original,images/walls/inventory/514_hay_wall_inventory.png,images/walls/world/514_hay_wall_world.png,images/walls/color/514_hay_wall_color.png,ok,,False,https://terraria.wiki.gg/images/c/ca/Hay_Wall_%28placed%29.png?format=original,26,25,inserted,527
515,Chlorophyte Brick Wall,Chlorophyte Brick Wall,Metal Walls,https://terraria.wiki.gg/wiki/Chlorophyte_Brick_Wall,2789,173,"[{""wall_id"": 173, ""is_safe"": 1, ""internal_name"": ""ChlorophyteBrick"", ""name"": ""Chlorophyte Brick Wall"", ""page_url"": ""https://terraria.wiki.gg/wiki/Chlorophyte_Brick_Wall"", ""world_image_url"": ""https://terraria.wiki.gg/images/Chlorophyte_Brick_Wall_%28placed%29.png?format=original""}]",https://terraria.wiki.gg/images/Chlorophyte_Brick_Wall.png?format=original,https://terraria.wiki.gg/images/Chlorophyte_Brick_Wall_%28placed%29.png?format=original,https://terraria.wiki.gg/images/Chlorophyte_Brick_Wall_%28placed%29.png?format=original,images/walls/inventory/515_chlorophyte_brick_wall_inventory.png,images/walls/world/515_chlorophyte_brick_wall_world.png,images/walls/color/515_chlorophyte_brick_wall_color.png,ok,,False,https://terraria.wiki.gg/images/c/c8/Chlorophyte_Brick_Wall_%28placed%29.png?format=original,26,29,inserted,528
516,Sandstone Wall,Sandstone Wall,Soil Walls,https://terraria.wiki.gg/wiki/Sandstone_Walls,3273,275,"[{""wall_id"": 187, ""is_safe"": 0, ""internal_name"": ""Sandstone"", ""name"": ""Sandstone Wall"", ""page_url"": ""https://terraria.wiki.gg/wiki/Sandstone_Walls"", ""world_image_url"": ""https://terraria.wiki.gg/images/Sandstone_Wall_%28placed%29.png?format=original""}, {""wall_id"": 275, ""is_safe"": 1, ""internal_name"": ""SandstoneEcho"", ""name"": ""Sandstone Wall"", ""page_url"": ""https://terraria.wiki.gg/wiki/Sandstone_Wall"", ""world_image_url"": ""https://terraria.wiki.gg/images/Sandstone_Wall_%28placed%29.png?format=original""}]",https://terraria.wiki.gg/images/Sandstone_Wall.png?format=original,https://terraria.wiki.gg/images/Sandstone_Wall_%28placed%29.png?format=original,https://terraria.wiki.gg/images/Sandstone_Wall_%28placed%29.png?format=original,images/walls/inventory/516_sandstone_wall_inventory.png,images/walls/world/516_sandstone_wall_world.png,images/walls/color/516_sandstone_wall_color.png,ok,,True,https://terraria.wiki.gg/images/9/9a/Sandstone_Wall_%28placed%29.png?format=original,27,1,inserted,529
517,Living Leaf Wall,Living Leaf Wall,Wood Walls,https://terraria.wiki.gg/wiki/Living_Leaf_Wall,3584,60,"[{""wall_id"": 60, ""is_safe"": 1, ""internal_name"": ""LivingLeaf"", ""name"": ""Living Leaf Wall"", ""page_url"": ""https://terraria.wiki.gg/wiki/Living_Leaf_Wall"", ""world_image_url"": ""https://terraria.wiki.gg/images/Living_Leaf_Wall_%28placed%29.png?format=original""}]",https://terraria.wiki.gg/images/Living_Leaf_Wall.png?format=original,https://terraria.wiki.gg/images/Living_Leaf_Wall_%28placed%29.png?format=original,https://terraria.wiki.gg/images/Living_Leaf_Wall_%28placed%29.png?format=original,images/walls/inventory/517_living_leaf_wall_inventory.png,images/walls/world/517_living_leaf_wall_world.png,images/walls/color/517_living_leaf_wall_color.png,ok,,False,https://terraria.wiki.gg/images/6/6c/Living_Leaf_Wall_%28placed%29.png?format=original,27,9,inserted,530
518,Pearlstone Wall,Pearlstone Wall,Stone Walls,https://terraria.wiki.gg/wiki/Pearlstone_Wall,4488,248,"[{""wall_id"": 28, ""is_safe"": 0, ""internal_name"": ""PearlstoneBrickUnsafe"", ""name"": ""Pearlstone Wall"", ""page_url"": ""https://terraria.wiki.gg/wiki/Pearlstone_Wall"", ""world_image_url"": ""https://terraria.wiki.gg/images/Pearlstone_Wall_%28placed%29.png?format=original""}, {""wall_id"": 248, ""is_safe"": 1, ""internal_name"": ""PearlstoneEcho"", ""name"": ""Pearlstone Wall"", ""page_url"": ""https://terraria.wiki.gg/wiki/Pearlstone_Wall"", ""world_image_url"": ""https://terraria.wiki.gg/images/Pearlstone_Wall_%28placed%29.png?format=original""}]",https://terraria.wiki.gg/images/Pearlstone_Wall.png?format=original,https://terraria.wiki.gg/images/Pearlstone_Wall_%28placed%29.png?format=original,https://terraria.wiki.gg/images/Pearlstone_Wall_%28placed%29.png?format=original,images/walls/inventory/518_pearlstone_wall_inventory.png,images/walls/world/518_pearlstone_wall_world.png,images/walls/color/518_pearlstone_wall_color.png,ok,,False,https://terraria.wiki.gg/images/e/e1/Pearlstone_Wall_%28placed%29.png?format=original,27,13,inserted,531
519,Ancient Copper Brick Wall,Ancient Copper Brick Wall,Brick Walls,https://terraria.wiki.gg/wiki/Ancient_Copper_Brick_Wall,5428,336,"[{""wall_id"": 336, ""is_safe"": 1, ""internal_name"": ""AncientCopperBrickWall"", ""name"": ""Ancient Copper Brick Wall"", ""page_url"": ""https://terraria.wiki.gg/wiki/Ancient_Copper_Brick_Wall"", ""world_image_url"": ""https://terraria.wiki.gg/images/Ancient_Copper_Brick_Wall_%28placed%29.png?format=original""}]",https://terraria.wiki.gg/images/Ancient_Copper_Brick_Wall.png?format=original,https://terraria.wiki.gg/images/Ancient_Copper_Brick_Wall_%28placed%29.png?format=original,https://terraria.wiki.gg/images/Ancient_Copper_Brick_Wall_%28placed%29.png?format=original,images/walls/inventory/519_ancient_copper_brick_wall_inventory.png,images/walls/world/519_ancient_copper_brick_wall_world.png,images/walls/color/519_ancient_copper_brick_wall_color.png,ok,,False,https://terraria.wiki.gg/images/3/3c/Ancient_Copper_Brick_Wall_%28placed%29.png?format=original,27,17,inserted,532
520,Red Stained Glass,Red Stained Glass,Gem Walls,https://terraria.wiki.gg/wiki/Stained_Glass,1271,92,"[{""wall_id"": 92, ""is_safe"": 1, ""internal_name"": ""RedStainedGlass"", ""name"": ""Red Stained Glass"", ""page_url"": ""https://terraria.wiki.gg/wiki/Stained_Glass"", ""world_image_url"": ""https://terraria.wiki.gg/images/Red_Stained_Glass_%28placed%29.png?format=original""}]",https://terraria.wiki.gg/images/Red_Stained_Glass.png?format=original,https://terraria.wiki.gg/images/Red_Stained_Glass_%28placed%29.png?format=original,https://terraria.wiki.gg/images/Red_Stained_Glass_%28placed%29.png?format=original,images/walls/inventory/520_red_stained_glass_inventory.png,images/walls/world/520_red_stained_glass_world.png,images/walls/color/520_red_stained_glass_color.png,ok,,True,https://terraria.wiki.gg/images/3/32/Red_Stained_Glass_%28placed%29.png?format=original,27,21,inserted,533
521,Easter Wall,Easter Wall,Decorative Walls,https://terraria.wiki.gg/wiki/Easter_Wall,5921,354,"[{""wall_id"": 354, ""is_safe"": 1, ""internal_name"": ""EasterBlockWall"", ""name"": ""Easter Wall"", ""page_url"": ""https://terraria.wiki.gg/wiki/Easter_Wall"", ""world_image_url"": ""https://terraria.wiki.gg/images/Easter_Wall_%28placed%29.png?format=original""}]",https://terraria.wiki.gg/images/Easter_Wall.png?format=original,https://terraria.wiki.gg/images/Easter_Wall_%28placed%29.png?format=original,https://terraria.wiki.gg/images/Easter_Wall_%28placed%29.png?format=original,images/walls/inventory/521_easter_wall_inventory.png,images/walls/world/521_easter_wall_world.png,images/walls/color/521_easter_wall_color.png,ok,,False,https://terraria.wiki.gg/images/Easter_Wall_%28placed%29.png?1bf60f?format=original,27,25,inserted,534
522,Shroomite Plating Wall,Shroomite Plating Wall,Metal Walls,https://terraria.wiki.gg/wiki/Shroomite_Plating_Wall,2791,175,"[{""wall_id"": 175, ""is_safe"": 1, ""internal_name"": ""ShroomitePlating"", ""name"": ""Shroomite Plating Wall"", ""page_url"": ""https://terraria.wiki.gg/wiki/Shroomite_Plating_Wall"", ""world_image_url"": ""https://terraria.wiki.gg/images/Shroomite_Plating_Wall_%28placed%29.png?format=original""}]",https://terraria.wiki.gg/images/Shroomite_Plating_Wall.png?format=original,https://terraria.wiki.gg/images/Shroomite_Plating_Wall_%28placed%29.png?format=original,https://terraria.wiki.gg/images/Shroomite_Plating_Wall_%28placed%29.png?format=original,images/walls/inventory/522_shroomite_plating_wall_inventory.png,images/walls/world/522_shroomite_plating_wall_world.png,images/walls/color/522_shroomite_plating_wall_color.png,ok,,False,https://terraria.wiki.gg/images/2/29/Shroomite_Plating_Wall_%28placed%29.png?format=original,27,29,inserted,535
523,Smooth Sandstone Wall,Smooth Sandstone Wall,Soil Walls,https://terraria.wiki.gg/wiki/Smooth_Sandstone_Wall,4053,235,"[{""wall_id"": 235, ""is_safe"": 1, ""internal_name"": ""SmoothSandstone"", ""name"": ""Smooth Sandstone Wall"", ""page_url"": ""https://terraria.wiki.gg/wiki/Smooth_Sandstone_Wall"", ""world_image_url"": ""https://terraria.wiki.gg/images/Smooth_Sandstone_Wall_%28placed%29.png?format=original""}]",https://terraria.wiki.gg/images/Smooth_Sandstone_Wall.png?format=original,https://terraria.wiki.gg/images/Smooth_Sandstone_Wall_%28placed%29.png?format=original,https://terraria.wiki.gg/images/Smooth_Sandstone_Wall_%28placed%29.png?format=original,images/walls/inventory/523_smooth_sandstone_wall_inventory.png,images/walls/world/523_smooth_sandstone_wall_world.png,images/walls/color/523_smooth_sandstone_wall_color.png,ok,,False,https://terraria.wiki.gg/images/a/ad/Smooth_Sandstone_Wall_%28placed%29.png?format=original,28,1,inserted,536
524,Feywood Wall,Feywood Wall,Wood Walls,https://terraria.wiki.gg/wiki/Feywood_Wall,5711,351,"[{""wall_id"": 351, ""is_safe"": 1, ""internal_name"": ""FeywoodWall"", ""name"": ""Feywood Wall"", ""page_url"": ""https://terraria.wiki.gg/wiki/Feywood_Wall"", ""world_image_url"": ""https://terraria.wiki.gg/images/Feywood_Wall_%28placed%29.png?format=original""}]",https://terraria.wiki.gg/images/Feywood_Wall.png?format=original,https://terraria.wiki.gg/images/Feywood_Wall_%28placed%29.png?format=original,https://terraria.wiki.gg/images/Feywood_Wall_%28placed%29.png?format=original,images/walls/inventory/524_feywood_wall_inventory.png,images/walls/world/524_feywood_wall_world.png,images/walls/color/524_feywood_wall_color.png,ok,,False,https://terraria.wiki.gg/images/Feywood_Wall_%28placed%29.png?783573?format=original,28,9,inserted,537
525,Hallowed Cavern Wall,Hallowed Cavern Wall,Stone Walls,https://terraria.wiki.gg/wiki/Hallowed_Walls,4526,289,"[{""wall_id"": 201, ""is_safe"": 0, ""internal_name"": ""HallowUnsafe2"", ""name"": ""Hallowed Cavern Wall"", ""page_url"": ""https://terraria.wiki.gg/wiki/Hallowed_Cavern_Wall"", ""world_image_url"": ""https://terraria.wiki.gg/images/Hallowed_Cavern_Wall_%28placed%29.png?format=original""}, {""wall_id"": 289, ""is_safe"": 1, ""internal_name"": ""Hallow2Echo"", ""name"": ""Hallowed Cavern Wall"", ""page_url"": ""https://terraria.wiki.gg/wiki/Hallowed_Cavern_Wall"", ""world_image_url"": ""https://terraria.wiki.gg/images/Hallowed_Cavern_Wall_%28placed%29.png?format=original""}]",https://terraria.wiki.gg/images/Hallowed_Cavern_Wall.png?format=original,https://terraria.wiki.gg/images/Hallowed_Cavern_Wall_%28placed%29.png?format=original,https://terraria.wiki.gg/images/Hallowed_Cavern_Wall_%28placed%29.png?format=original,images/walls/inventory/525_hallowed_cavern_wall_inventory.png,images/walls/world/525_hallowed_cavern_wall_world.png,images/walls/color/525_hallowed_cavern_wall_color.png,ok,,True,https://terraria.wiki.gg/images/6/6c/Hallowed_Cavern_Wall_%28placed%29.png?format=original,28,13,inserted,538
526,Ancient Obsidian Brick Wall,Ancient Obsidian Brick Wall,Brick Walls,https://terraria.wiki.gg/wiki/Ancient_Obsidian_Brick_Wall,5434,337,"[{""wall_id"": 337, ""is_safe"": 1, ""internal_name"": ""AncientObsidianBrickWall"", ""name"": ""Ancient Obsidian Brick Wall"", ""page_url"": ""https://terraria.wiki.gg/wiki/Ancient_Obsidian_Brick_Wall"", ""world_image_url"": ""https://terraria.wiki.gg/images/Ancient_Obsidian_Brick_Wall_%28placed%29.png?format=original""}]",https://terraria.wiki.gg/images/Ancient_Obsidian_Brick_Wall.png?format=original,https://terraria.wiki.gg/images/Ancient_Obsidian_Brick_Wall_%28placed%29.png?format=original,https://terraria.wiki.gg/images/Ancient_Obsidian_Brick_Wall_%28placed%29.png?format=original,images/walls/inventory/526_ancient_obsidian_brick_wall_inventory.png,images/walls/world/526_ancient_obsidian_brick_wall_world.png,images/walls/color/526_ancient_obsidian_brick_wall_color.png,ok,,False,https://terraria.wiki.gg/images/4/4d/Ancient_Obsidian_Brick_Wall_%28placed%29.png?format=original,28,17,inserted,539
527,Orange Stained Glass,Orange Stained Glass,Gem Walls,https://terraria.wiki.gg/wiki/Stained_Glass,4260,241,"[{""wall_id"": 241, ""is_safe"": 1, ""internal_name"": ""OrangeStainedGlass"", ""name"": ""Orange Stained Glass"", ""page_url"": ""https://terraria.wiki.gg/wiki/Stained_Glass"", ""world_image_url"": ""https://terraria.wiki.gg/images/Orange_Stained_Glass_%28placed%29.png?format=original""}]",https://terraria.wiki.gg/images/Orange_Stained_Glass.png?format=original,https://terraria.wiki.gg/images/Orange_Stained_Glass_%28placed%29.png?format=original,https://terraria.wiki.gg/images/Orange_Stained_Glass_%28placed%29.png?format=original,images/walls/inventory/527_orange_stained_glass_inventory.png,images/walls/world/527_orange_stained_glass_world.png,images/walls/color/527_orange_stained_glass_color.png,ok,,True,https://terraria.wiki.gg/images/b/b7/Orange_Stained_Glass_%28placed%29.png?format=original,28,21,inserted,540
528,Cog Wall,Cog Wall,Decorative Walls,https://terraria.wiki.gg/wiki/Cog_Wall,3751,225,"[{""wall_id"": 225, ""is_safe"": 1, ""internal_name"": ""CogWall"", ""name"": ""Cog Wall"", ""page_url"": ""https://terraria.wiki.gg/wiki/Cog_Wall"", ""world_image_url"": ""https://terraria.wiki.gg/images/Cog_Wall_%28placed%29.gif?format=original""}]",https://terraria.wiki.gg/images/Cog_Wall.png?format=original,https://terraria.wiki.gg/images/Cog_Wall_%28placed%29.gif?format=original,https://terraria.wiki.gg/images/Cog_Wall_%28placed%29.gif?format=original,images/walls/inventory/528_cog_wall_inventory.png,images/walls/world/528_cog_wall_world.gif,images/walls/color/528_cog_wall_color.gif,ok,,False,https://terraria.wiki.gg/images/7/77/Cog_Wall_%28placed%29.gif?format=original,28,25,inserted,541
529,Solar Brick Wall,Solar Brick Wall,Metal Walls,https://terraria.wiki.gg/wiki/Solar_Brick_Wall,4233,237,"[{""wall_id"": 237, ""is_safe"": 1, ""internal_name"": ""SolarBrick"", ""name"": ""Solar Brick Wall"", ""page_url"": ""https://terraria.wiki.gg/wiki/Solar_Brick_Wall"", ""world_image_url"": ""https://terraria.wiki.gg/images/Solar_Brick_Wall_%28placed%29.png?format=original""}]",https://terraria.wiki.gg/images/Solar_Brick_Wall.png?format=original,https://terraria.wiki.gg/images/Solar_Brick_Wall_%28placed%29.png?format=original,https://terraria.wiki.gg/images/Solar_Brick_Wall_%28placed%29.png?format=original,images/walls/inventory/529_solar_brick_wall_inventory.png,images/walls/world/529_solar_brick_wall_world.png,images/walls/color/529_solar_brick_wall_color.png,ok,,False,https://terraria.wiki.gg/images/c/c2/Solar_Brick_Wall_%28placed%29.png?format=original,28,29,inserted,542
336,Hardened Sand Wall,Treacherous Hardened Sand Wall,Unsafe Walls,https://terraria.wiki.gg/wiki/Hardened_Sand_Walls,5375,216,"[{""wall_id"": 216, ""is_safe"": 0, ""internal_name"": ""HardenedSand"", ""name"": ""Hardened Sand Wall"", ""page_url"": ""https://terraria.wiki.gg/wiki/Hardened_Sand_Walls"", ""world_image_url"": ""https://terraria.wiki.gg/images/Hardened_Sand_Wall_%28placed%29.png?format=original""}, {""wall_id"": 304, ""is_safe"": 1, ""internal_name"": ""HardenedSandEcho"", ""name"": ""Hardened Sand Wall"", ""page_url"": ""https://terraria.wiki.gg/wiki/Hardened_Sand_Wall"", ""world_image_url"": ""https://terraria.wiki.gg/images/Hardened_Sand_Wall_%28placed%29.png?format=original""}]",https://terraria.wiki.gg/images/Treacherous_Hardened_Sand_Wall.png?format=original,https://terraria.wiki.gg/images/Hardened_Sand_Wall_%28placed%29.png?format=original,https://terraria.wiki.gg/images/Hardened_Sand_Wall_%28placed%29.png?format=original,images/walls/inventory/336_treacherous_hardened_sand_wall_inventory.png,images/walls/world/336_treacherous_hardened_sand_wall_world.png,images/walls/color/336_treacherous_hardened_sand_wall_color.png,ok,,True,https://terraria.wiki.gg/images/f/fc/Hardened_Sand_Wall_%28placed%29.png?format=original,29,1,merged,543
530,Pine Wood Wall,Pine Wood Wall,Wood Walls,https://terraria.wiki.gg/wiki/Pine_Wood_Wall,5931,358,"[{""wall_id"": 358, ""is_safe"": 1, ""internal_name"": ""PineWoodBlockWall"", ""name"": ""Pine Wood Wall"", ""page_url"": ""https://terraria.wiki.gg/wiki/Pine_Wood_Wall"", ""world_image_url"": ""https://terraria.wiki.gg/images/Pine_Wood_Wall_%28placed%29.png?format=original""}]",https://terraria.wiki.gg/images/Pine_Wood_Wall.png?format=original,https://terraria.wiki.gg/images/Pine_Wood_Wall_%28placed%29.png?format=original,https://terraria.wiki.gg/images/Pine_Wood_Wall_%28placed%29.png?format=original,images/walls/inventory/530_pine_wood_wall_inventory.png,images/walls/world/530_pine_wood_wall_world.png,images/walls/color/530_pine_wood_wall_color.png,ok,,False,https://terraria.wiki.gg/images/Pine_Wood_Wall_%28placed%29.png?de326e?format=original,29,9,inserted,544
531,Hallowed Prism Wall,Hallowed Prism Wall,Stone Walls,https://terraria.wiki.gg/wiki/Hallowed_Walls,4525,288,"[{""wall_id"": 200, ""is_safe"": 0, ""internal_name"": ""HallowUnsafe1"", ""name"": ""Hallowed Prism Wall"", ""page_url"": ""https://terraria.wiki.gg/wiki/Hallowed_Prism_Wall"", ""world_image_url"": ""https://terraria.wiki.gg/images/Hallowed_Prism_Wall_%28placed%29.png?format=original""}, {""wall_id"": 288, ""is_safe"": 1, ""internal_name"": ""Hallow1Echo"", ""name"": ""Hallowed Prism Wall"", ""page_url"": ""https://terraria.wiki.gg/wiki/Hallowed_Prism_Wall"", ""world_image_url"": ""https://terraria.wiki.gg/images/Hallowed_Prism_Wall_%28placed%29.png?format=original""}]",https://terraria.wiki.gg/images/Hallowed_Prism_Wall.png?format=original,https://terraria.wiki.gg/images/Hallowed_Prism_Wall_%28placed%29.png?format=original,https://terraria.wiki.gg/images/Hallowed_Prism_Wall_%28placed%29.png?format=original,images/walls/inventory/531_hallowed_prism_wall_inventory.png,images/walls/world/531_hallowed_prism_wall_world.png,images/walls/color/531_hallowed_prism_wall_color.png,ok,,True,https://terraria.wiki.gg/images/6/6a/Hallowed_Prism_Wall_%28placed%29.png?format=original,29,13,inserted,545
532,Ancient Hellstone Brick Wall,Ancient Hellstone Brick Wall,Brick Walls,https://terraria.wiki.gg/wiki/Ancient_Hellstone_Brick_Wall,5436,338,"[{""wall_id"": 338, ""is_safe"": 1, ""internal_name"": ""AncientHellstoneBrickWall"", ""name"": ""Ancient Hellstone Brick Wall"", ""page_url"": ""https://terraria.wiki.gg/wiki/Ancient_Hellstone_Brick_Wall"", ""world_image_url"": ""https://terraria.wiki.gg/images/Ancient_Hellstone_Brick_Wall_%28placed%29.png?format=original""}]",https://terraria.wiki.gg/images/Ancient_Hellstone_Brick_Wall.png?format=original,https://terraria.wiki.gg/images/Ancient_Hellstone_Brick_Wall_%28placed%29.png?format=original,https://terraria.wiki.gg/images/Ancient_Hellstone_Brick_Wall_%28placed%29.png?format=original,images/walls/inventory/532_ancient_hellstone_brick_wall_inventory.png,images/walls/world/532_ancient_hellstone_brick_wall_world.png,images/walls/color/532_ancient_hellstone_brick_wall_color.png,ok,,False,https://terraria.wiki.gg/images/2/21/Ancient_Hellstone_Brick_Wall_%28placed%29.png?format=original,29,17,inserted,546
533,Multicolored Stained Glass,Multicolored Stained Glass,Gem Walls,https://terraria.wiki.gg/wiki/Stained_Glass,1272,93,"[{""wall_id"": 93, ""is_safe"": 1, ""internal_name"": ""RainbowStainedGlass"", ""name"": ""Multicolored Stained Glass"", ""page_url"": ""https://terraria.wiki.gg/wiki/Stained_Glass"", ""world_image_url"": ""https://terraria.wiki.gg/images/Multicolored_Stained_Glass_%28placed%29.png?format=original""}]",https://terraria.wiki.gg/images/Multicolored_Stained_Glass.png?format=original,https://terraria.wiki.gg/images/Multicolored_Stained_Glass_%28placed%29.png?format=original,https://terraria.wiki.gg/images/Multicolored_Stained_Glass_%28placed%29.png?format=original,images/walls/inventory/533_multicolored_stained_glass_inventory.png,images/walls/world/533_multicolored_stained_glass_world.png,images/walls/color/533_multicolored_stained_glass_color.png,ok,,True,https://terraria.wiki.gg/images/e/e7/Multicolored_Stained_Glass_%28placed%29.png?format=original,29,21,inserted,547
534,Jellyfish Wall,Jellyfish Wall,Decorative Walls,https://terraria.wiki.gg/wiki/Jellyfish_Wall,5927,357,"[{""wall_id"": 357, ""is_safe"": 1, ""internal_name"": ""JellyfishBlockWall"", ""name"": ""Jellyfish Wall"", ""page_url"": ""https://terraria.wiki.gg/wiki/Jellyfish_Wall"", ""world_image_url"": ""https://terraria.wiki.gg/images/Jellyfish_Wall_%28placed%29.gif?format=original""}]",https://terraria.wiki.gg/images/Jellyfish_Wall.png?format=original,https://terraria.wiki.gg/images/Jellyfish_Wall_%28placed%29.gif?format=original,https://terraria.wiki.gg/images/Jellyfish_Wall_%28placed%29.gif?format=original,images/walls/inventory/534_jellyfish_wall_inventory.png,images/walls/world/534_jellyfish_wall_world.gif,images/walls/color/534_jellyfish_wall_color.gif,ok,,False,https://terraria.wiki.gg/images/Jellyfish_Wall_%28placed%29.gif?ab7c6a?format=original,29,25,inserted,548
535,Vortex Brick Wall,Vortex Brick Wall,Metal Walls,https://terraria.wiki.gg/wiki/Vortex_Brick_Wall,4234,238,"[{""wall_id"": 238, ""is_safe"": 1, ""internal_name"": ""VortexBrick"", ""name"": ""Vortex Brick Wall"", ""page_url"": ""https://terraria.wiki.gg/wiki/Vortex_Brick_Wall"", ""world_image_url"": ""https://terraria.wiki.gg/images/Vortex_Brick_Wall_%28placed%29.png?format=original""}]",https://terraria.wiki.gg/images/Vortex_Brick_Wall.png?format=original,https://terraria.wiki.gg/images/Vortex_Brick_Wall_%28placed%29.png?format=original,https://terraria.wiki.gg/images/Vortex_Brick_Wall_%28placed%29.png?format=original,images/walls/inventory/535_vortex_brick_wall_inventory.png,images/walls/world/535_vortex_brick_wall_world.png,images/walls/color/535_vortex_brick_wall_color.png,ok,,False,https://terraria.wiki.gg/images/5/51/Vortex_Brick_Wall_%28placed%29.png?format=original,29,29,inserted,549
536,Desert Fossil Wall,Desert Fossil Wall,Soil Walls,https://terraria.wiki.gg/wiki/Desert_Fossil_Wall,3348,311,"[{""wall_id"": 311, ""is_safe"": 1, ""internal_name"": ""DesertFossilEcho"", ""name"": ""Desert Fossil Wall"", ""page_url"": ""https://terraria.wiki.gg/wiki/Desert_Fossil_Wall"", ""world_image_url"": ""https://terraria.wiki.gg/images/Desert_Fossil_Wall_%28placed%29.png?format=original""}]",https://terraria.wiki.gg/images/Desert_Fossil_Wall.png?format=original,https://terraria.wiki.gg/images/Desert_Fossil_Wall_%28placed%29.png?format=original,https://terraria.wiki.gg/images/Desert_Fossil_Wall_%28placed%29.png?format=original,images/walls/inventory/536_desert_fossil_wall_inventory.png,images/walls/world/536_desert_fossil_wall_world.png,images/walls/color/536_desert_fossil_wall_color.png,ok,,False,https://terraria.wiki.gg/images/e/e9/Desert_Fossil_Wall_%28placed%29.png?format=original,30,1,inserted,550
537,Librarian Wall,Librarian Wall,Wood Walls,https://terraria.wiki.gg/wiki/Librarian_Wall,6020,361,"[{""wall_id"": 361, ""is_safe"": 1, ""internal_name"": ""LibrarianBlockWall"", ""name"": ""Librarian Wall"", ""page_url"": ""https://terraria.wiki.gg/wiki/Librarian_Wall"", ""world_image_url"": ""https://terraria.wiki.gg/images/Librarian_Wall_%28placed%29.png?format=original""}]",https://terraria.wiki.gg/images/Librarian_Wall.png?format=original,https://terraria.wiki.gg/images/Librarian_Wall_%28placed%29.png?format=original,https://terraria.wiki.gg/images/Librarian_Wall_%28placed%29.png?format=original,images/walls/inventory/537_librarian_wall_inventory.png,images/walls/world/537_librarian_wall_world.png,images/walls/color/537_librarian_wall_color.png,ok,,False,https://terraria.wiki.gg/images/Librarian_Wall_%28placed%29.png?6cccf7?de326e?format=original,30,9,inserted,551
538,Hallowed Shard Wall,Hallowed Shard Wall,Stone Walls,https://terraria.wiki.gg/wiki/Hallowed_Walls,4527,290,"[{""wall_id"": 202, ""is_safe"": 0, ""internal_name"": ""HallowUnsafe3"", ""name"": ""Hallowed Shard Wall"", ""page_url"": ""https://terraria.wiki.gg/wiki/Hallowed_Shard_Wall"", ""world_image_url"": ""https://terraria.wiki.gg/images/Hallowed_Shard_Wall_%28placed%29.png?format=original""}, {""wall_id"": 290, ""is_safe"": 1, ""internal_name"": ""Hallow3Echo"", ""name"": ""Hallowed Shard Wall"", ""page_url"": ""https://terraria.wiki.gg/wiki/Hallowed_Shard_Wall"", ""world_image_url"": ""https://terraria.wiki.gg/images/Hallowed_Shard_Wall_%28placed%29.png?format=original""}]",https://terraria.wiki.gg/images/Hallowed_Shard_Wall.png?format=original,https://terraria.wiki.gg/images/Hallowed_Shard_Wall_%28placed%29.png?format=original,https://terraria.wiki.gg/images/Hallowed_Shard_Wall_%28placed%29.png?format=original,images/walls/inventory/538_hallowed_shard_wall_inventory.png,images/walls/world/538_hallowed_shard_wall_world.png,images/walls/color/538_hallowed_shard_wall_color.png,ok,,True,https://terraria.wiki.gg/images/0/04/Hallowed_Shard_Wall_%28placed%29.png?format=original,30,13,inserted,552
539,Ancient Cobalt Brick Wall,Ancient Cobalt Brick Wall,Brick Walls,https://terraria.wiki.gg/wiki/Ancient_Cobalt_Brick_Wall,5430,339,"[{""wall_id"": 339, ""is_safe"": 1, ""internal_name"": ""AncientCobaltBrickWall"", ""name"": ""Ancient Cobalt Brick Wall"", ""page_url"": ""https://terraria.wiki.gg/wiki/Ancient_Cobalt_Brick_Wall"", ""world_image_url"": ""https://terraria.wiki.gg/images/Ancient_Cobalt_Brick_Wall_%28placed%29.png?format=original""}]",https://terraria.wiki.gg/images/Ancient_Cobalt_Brick_Wall.png?format=original,https://terraria.wiki.gg/images/Ancient_Cobalt_Brick_Wall_%28placed%29.png?format=original,https://terraria.wiki.gg/images/Ancient_Cobalt_Brick_Wall_%28placed%29.png?format=original,images/walls/inventory/539_ancient_cobalt_brick_wall_inventory.png,images/walls/world/539_ancient_cobalt_brick_wall_world.png,images/walls/color/539_ancient_cobalt_brick_wall_color.png,ok,,False,https://terraria.wiki.gg/images/1/11/Ancient_Cobalt_Brick_Wall_%28placed%29.png?format=original,30,17,inserted,553
540,Boulder Wall,Boulder Wall,Decorative Walls,https://terraria.wiki.gg/wiki/Boulder_Wall,6133,366,"[{""wall_id"": 366, ""is_safe"": 1, ""internal_name"": ""BoulderBlockWall"", ""name"": ""Boulder Wall"", ""page_url"": ""https://terraria.wiki.gg/wiki/Boulder_Wall"", ""world_image_url"": ""https://terraria.wiki.gg/images/Boulder_Wall_%28placed%29.png?format=original""}]",https://terraria.wiki.gg/images/Boulder_Wall.png?format=original,https://terraria.wiki.gg/images/Boulder_Wall_%28placed%29.png?format=original,https://terraria.wiki.gg/images/Boulder_Wall_%28placed%29.png?format=original,images/walls/inventory/540_boulder_wall_inventory.png,images/walls/world/540_boulder_wall_world.png,images/walls/color/540_boulder_wall_color.png,ok,,False,https://terraria.wiki.gg/images/Boulder_Wall_%28placed%29.png?format=original,30,25,inserted,554
541,Nebula Brick Wall,Nebula Brick Wall,Metal Walls,https://terraria.wiki.gg/wiki/Nebula_Brick_Wall,4235,239,"[{""wall_id"": 239, ""is_safe"": 1, ""internal_name"": ""NebulaBrick"", ""name"": ""Nebula Brick Wall"", ""page_url"": ""https://terraria.wiki.gg/wiki/Nebula_Brick_Wall"", ""world_image_url"": ""https://terraria.wiki.gg/images/Nebula_Brick_Wall_%28placed%29.png?format=original""}]",https://terraria.wiki.gg/images/Nebula_Brick_Wall.png?format=original,https://terraria.wiki.gg/images/Nebula_Brick_Wall_%28placed%29.png?format=original,https://terraria.wiki.gg/images/Nebula_Brick_Wall_%28placed%29.png?format=original,images/walls/inventory/541_nebula_brick_wall_inventory.png,images/walls/world/541_nebula_brick_wall_world.png,images/walls/color/541_nebula_brick_wall_color.png,ok,,False,https://terraria.wiki.gg/images/3/3c/Nebula_Brick_Wall_%28placed%29.png?format=original,30,29,inserted,555
542,Ebonsandstone Wall,Ebonsandstone Wall,Soil Walls,https://terraria.wiki.gg/wiki/Sandstone_Walls,3344,308,"[{""wall_id"": 220, ""is_safe"": 0, ""internal_name"": ""CorruptSandstone"", ""name"": ""Ebonsandstone Wall"", ""page_url"": ""https://terraria.wiki.gg/wiki/Sandstone_Walls"", ""world_image_url"": ""https://terraria.wiki.gg/images/Ebonsandstone_Wall_%28placed%29.png?format=original""}, {""wall_id"": 308, ""is_safe"": 1, ""internal_name"": ""CorruptSandstoneEcho"", ""name"": ""Ebonsandstone Wall"", ""page_url"": ""https://terraria.wiki.gg/wiki/Ebonsandstone_Wall"", ""world_image_url"": ""https://terraria.wiki.gg/images/Ebonsandstone_Wall_%28placed%29.png?format=original""}]",https://terraria.wiki.gg/images/Ebonsandstone_Wall.png?format=original,https://terraria.wiki.gg/images/Ebonsandstone_Wall_%28placed%29.png?format=original,https://terraria.wiki.gg/images/Ebonsandstone_Wall_%28placed%29.png?format=original,images/walls/inventory/542_ebonsandstone_wall_inventory.png,images/walls/world/542_ebonsandstone_wall_world.png,images/walls/color/542_ebonsandstone_wall_color.png,ok,,True,https://terraria.wiki.gg/images/6/6e/Ebonsandstone_Wall_%28placed%29.png?format=original,31,1,inserted,556
543,Office Wall,Office Wall,Wood Walls,https://terraria.wiki.gg/wiki/Office_Wall,6066,363,"[{""wall_id"": 363, ""is_safe"": 1, ""internal_name"": ""OfficeBlockWall"", ""name"": ""Office Wall"", ""page_url"": ""https://terraria.wiki.gg/wiki/Office_Wall"", ""world_image_url"": ""https://terraria.wiki.gg/images/Office_Wall_%28placed%29.png?format=original""}]",https://terraria.wiki.gg/images/Office_Wall.png?format=original,https://terraria.wiki.gg/images/Office_Wall_%28placed%29.png?format=original,https://terraria.wiki.gg/images/Office_Wall_%28placed%29.png?format=original,images/walls/inventory/543_office_wall_inventory.png,images/walls/world/543_office_wall_world.png,images/walls/color/543_office_wall_color.png,ok,,False,https://terraria.wiki.gg/images/Office_Wall_%28placed%29.png?535ebc?format=original,31,9,inserted,557
544,Hallowed Crystalline Wall,Hallowed Crystalline Wall,Stone Walls,https://terraria.wiki.gg/wiki/Hallowed_Walls,4528,291,"[{""wall_id"": 203, ""is_safe"": 0, ""internal_name"": ""HallowUnsafe4"", ""name"": ""Hallowed Crystalline Wall"", ""page_url"": ""https://terraria.wiki.gg/wiki/Hallowed_Crystalline_Wall"", ""world_image_url"": ""https://terraria.wiki.gg/images/Hallowed_Crystalline_Wall_%28placed%29.png?format=original""}, {""wall_id"": 291, ""is_safe"": 1, ""internal_name"": ""Hallow4Echo"", ""name"": ""Hallowed Crystalline Wall"", ""page_url"": ""https://terraria.wiki.gg/wiki/Hallowed_Crystalline_Wall"", ""world_image_url"": ""https://terraria.wiki.gg/images/Hallowed_Crystalline_Wall_%28placed%29.png?format=original""}]",https://terraria.wiki.gg/images/Hallowed_Crystalline_Wall.png?format=original,https://terraria.wiki.gg/images/Hallowed_Crystalline_Wall_%28placed%29.png?format=original,https://terraria.wiki.gg/images/Hallowed_Crystalline_Wall_%28placed%29.png?format=original,images/walls/inventory/544_hallowed_crystalline_wall_inventory.png,images/walls/world/544_hallowed_crystalline_wall_world.png,images/walls/color/544_hallowed_crystalline_wall_color.png,ok,,True,https://terraria.wiki.gg/images/b/b7/Hallowed_Crystalline_Wall_%28placed%29.png?format=original,31,13,inserted,558
545,Ancient Mythril Brick Wall,Ancient Mythril Brick Wall,Brick Walls,https://terraria.wiki.gg/wiki/Ancient_Mythril_Brick_Wall,5432,340,"[{""wall_id"": 340, ""is_safe"": 1, ""internal_name"": ""AncientMythrilBrickWall"", ""name"": ""Ancient Mythril Brick Wall"", ""page_url"": ""https://terraria.wiki.gg/wiki/Ancient_Mythril_Brick_Wall"", ""world_image_url"": ""https://terraria.wiki.gg/images/Ancient_Mythril_Brick_Wall_%28placed%29.png?format=original""}]",https://terraria.wiki.gg/images/Ancient_Mythril_Brick_Wall.png?format=original,https://terraria.wiki.gg/images/Ancient_Mythril_Brick_Wall_%28placed%29.png?format=original,https://terraria.wiki.gg/images/Ancient_Mythril_Brick_Wall_%28placed%29.png?format=original,images/walls/inventory/545_ancient_mythril_brick_wall_inventory.png,images/walls/world/545_ancient_mythril_brick_wall_world.png,images/walls/color/545_ancient_mythril_brick_wall_color.png,ok,,False,https://terraria.wiki.gg/images/d/db/Ancient_Mythril_Brick_Wall_%28placed%29.png?format=original,31,17,inserted,559
546,Silly Pink Balloon Wall,Silly Pink Balloon Wall,Decorative Walls,https://terraria.wiki.gg/wiki/Silly_Balloon_Walls,3760,228,"[{""wall_id"": 228, ""is_safe"": 1, ""internal_name"": ""SillyBalloonPinkWall"", ""name"": ""Silly Pink Balloon Wall"", ""page_url"": ""https://terraria.wiki.gg/wiki/Silly_Balloon_Walls"", ""world_image_url"": ""https://terraria.wiki.gg/images/Silly_Pink_Balloon_Wall_%28placed%29.png?format=original""}]",https://terraria.wiki.gg/images/Silly_Pink_Balloon_Wall.png?format=original,https://terraria.wiki.gg/images/Silly_Pink_Balloon_Wall_%28placed%29.png?format=original,https://terraria.wiki.gg/images/Silly_Pink_Balloon_Wall_%28placed%29.png?format=original,images/walls/inventory/546_silly_pink_balloon_wall_inventory.png,images/walls/world/546_silly_pink_balloon_wall_world.png,images/walls/color/546_silly_pink_balloon_wall_color.png,ok,,True,https://terraria.wiki.gg/images/a/a9/Silly_Pink_Balloon_Wall_%28placed%29.png?format=original,31,25,inserted,560
547,Stardust Brick Wall,Stardust Brick Wall,Metal Walls,https://terraria.wiki.gg/wiki/Stardust_Brick_Wall,4236,240,"[{""wall_id"": 240, ""is_safe"": 1, ""internal_name"": ""StardustBrick"", ""name"": ""Stardust Brick Wall"", ""page_url"": ""https://terraria.wiki.gg/wiki/Stardust_Brick_Wall"", ""world_image_url"": ""https://terraria.wiki.gg/images/Stardust_Brick_Wall_%28placed%29.png?format=original""}]",https://terraria.wiki.gg/images/Stardust_Brick_Wall.png?format=original,https://terraria.wiki.gg/images/Stardust_Brick_Wall_%28placed%29.png?format=original,https://terraria.wiki.gg/images/Stardust_Brick_Wall_%28placed%29.png?format=original,images/walls/inventory/547_stardust_brick_wall_inventory.png,images/walls/world/547_stardust_brick_wall_world.png,images/walls/color/547_stardust_brick_wall_color.png,ok,,False,https://terraria.wiki.gg/images/6/6b/Stardust_Brick_Wall_%28placed%29.png?format=original,31,29,inserted,561
548,Hardened Ebonsand Wall,Hardened Ebonsand Wall,Soil Walls,https://terraria.wiki.gg/wiki/Hardened_Sand_Walls,3341,305,"[{""wall_id"": 217, ""is_safe"": 0, ""internal_name"": ""CorruptHardenedSand"", ""name"": ""Hardened Ebonsand Wall"", ""page_url"": ""https://terraria.wiki.gg/wiki/Hardened_Sand_Walls"", ""world_image_url"": ""https://terraria.wiki.gg/images/Hardened_Ebonsand_Wall_%28placed%29.png?format=original""}, {""wall_id"": 305, ""is_safe"": 1, ""internal_name"": ""CorruptHardenedSandEcho"", ""name"": ""Hardened Ebonsand Wall"", ""page_url"": ""https://terraria.wiki.gg/wiki/Hardened_Ebonsand_Wall"", ""world_image_url"": ""https://terraria.wiki.gg/images/Hardened_Ebonsand_Wall_%28placed%29.png?format=original""}]",https://terraria.wiki.gg/images/Hardened_Ebonsand_Wall.png?format=original,https://terraria.wiki.gg/images/Hardened_Ebonsand_Wall_%28placed%29.png?format=original,https://terraria.wiki.gg/images/Hardened_Ebonsand_Wall_%28placed%29.png?format=original,images/walls/inventory/548_hardened_ebonsand_wall_inventory.png,images/walls/world/548_hardened_ebonsand_wall_world.png,images/walls/color/548_hardened_ebonsand_wall_color.png,ok,,True,https://terraria.wiki.gg/images/6/6f/Hardened_Ebonsand_Wall_%28placed%29.png?format=original,32,1,inserted,562
549,Crystal Block Wall,Crystal Block Wall,Stone Walls,https://terraria.wiki.gg/wiki/Crystal_Block_Wall,3238,186,"[{""wall_id"": 186, ""is_safe"": 1, ""internal_name"": ""Crystal"", ""name"": ""Crystal Block Wall"", ""page_url"": ""https://terraria.wiki.gg/wiki/Crystal_Block_Wall"", ""world_image_url"": ""https://terraria.wiki.gg/images/Crystal_Block_Wall_%28placed%29.png?format=original""}]",https://terraria.wiki.gg/images/Crystal_Block_Wall.png?format=original,https://terraria.wiki.gg/images/Crystal_Block_Wall_%28placed%29.png?format=original,https://terraria.wiki.gg/images/Crystal_Block_Wall_%28placed%29.png?format=original,images/walls/inventory/549_crystal_block_wall_inventory.png,images/walls/world/549_crystal_block_wall_world.png,images/walls/color/549_crystal_block_wall_color.png,ok,,False,https://terraria.wiki.gg/images/c/c0/Crystal_Block_Wall_%28placed%29.png?format=original,32,13,inserted,563
550,Silly Purple Balloon Wall,Silly Purple Balloon Wall,Decorative Walls,https://terraria.wiki.gg/wiki/Silly_Balloon_Walls,3761,229,"[{""wall_id"": 229, ""is_safe"": 1, ""internal_name"": ""SillyBalloonPurpleWall"", ""name"": ""Silly Purple Balloon Wall"", ""page_url"": ""https://terraria.wiki.gg/wiki/Silly_Balloon_Walls"", ""world_image_url"": ""https://terraria.wiki.gg/images/Silly_Purple_Balloon_Wall_%28placed%29.png?format=original""}]",https://terraria.wiki.gg/images/Silly_Purple_Balloon_Wall.png?format=original,https://terraria.wiki.gg/images/Silly_Purple_Balloon_Wall_%28placed%29.png?format=original,https://terraria.wiki.gg/images/Silly_Purple_Balloon_Wall_%28placed%29.png?format=original,images/walls/inventory/550_silly_purple_balloon_wall_inventory.png,images/walls/world/550_silly_purple_balloon_wall_world.png,images/walls/color/550_silly_purple_balloon_wall_color.png,ok,,True,https://terraria.wiki.gg/images/0/02/Silly_Purple_Balloon_Wall_%28placed%29.png?format=original,32,25,inserted,564
551,Martian Conduit Wall,Martian Conduit Wall,Metal Walls,https://terraria.wiki.gg/wiki/Martian_Conduit_Wall,2861,176,"[{""wall_id"": 176, ""is_safe"": 1, ""internal_name"": ""MartianConduit"", ""name"": ""Martian Conduit Wall"", ""page_url"": ""https://terraria.wiki.gg/wiki/Martian_Conduit_Wall"", ""world_image_url"": ""https://terraria.wiki.gg/images/Martian_Conduit_Wall_%28placed%29.png?format=original""}]",https://terraria.wiki.gg/images/Martian_Conduit_Wall.png?format=original,https://terraria.wiki.gg/images/Martian_Conduit_Wall_%28placed%29.png?format=original,https://terraria.wiki.gg/images/Martian_Conduit_Wall_%28placed%29.png?format=original,images/walls/inventory/551_martian_conduit_wall_inventory.png,images/walls/world/551_martian_conduit_wall_world.png,images/walls/color/551_martian_conduit_wall_color.png,ok,,False,https://terraria.wiki.gg/images/a/ab/Martian_Conduit_Wall_%28placed%29.png?format=original,32,29,inserted,565
552,Crimsandstone Wall,Crimsandstone Wall,Soil Walls,https://terraria.wiki.gg/wiki/Sandstone_Walls,3345,309,"[{""wall_id"": 221, ""is_safe"": 0, ""internal_name"": ""CrimsonSandstone"", ""name"": ""Crimsandstone Wall"", ""page_url"": ""https://terraria.wiki.gg/wiki/Sandstone_Walls"", ""world_image_url"": ""https://terraria.wiki.gg/images/Crimsandstone_Wall_%28placed%29.png?format=original""}, {""wall_id"": 309, ""is_safe"": 1, ""internal_name"": ""CrimsonSandstoneEcho"", ""name"": ""Crimsandstone Wall"", ""page_url"": ""https://terraria.wiki.gg/wiki/Crimsandstone_Wall"", ""world_image_url"": ""https://terraria.wiki.gg/images/Crimsandstone_Wall_%28placed%29.png?format=original""}]",https://terraria.wiki.gg/images/Crimsandstone_Wall.png?format=original,https://terraria.wiki.gg/images/Crimsandstone_Wall_%28placed%29.png?format=original,https://terraria.wiki.gg/images/Crimsandstone_Wall_%28placed%29.png?format=original,images/walls/inventory/552_crimsandstone_wall_inventory.png,images/walls/world/552_crimsandstone_wall_world.png,images/walls/color/552_crimsandstone_wall_color.png,ok,,True,https://terraria.wiki.gg/images/7/71/Crimsandstone_Wall_%28placed%29.png?format=original,33,1,inserted,566
553,Aetherium Wall,Aetherium Wall,Stone Walls,https://terraria.wiki.gg/wiki/Aetherium_Wall,5397,321,"[{""wall_id"": 321, ""is_safe"": 1, ""internal_name"": ""ShimmerBlockWall"", ""name"": ""Aetherium Wall"", ""page_url"": ""https://terraria.wiki.gg/wiki/Aetherium_Wall"", ""world_image_url"": ""https://terraria.wiki.gg/images/Aetherium_Wall_%28placed%29.png?format=original""}]",https://terraria.wiki.gg/images/Aetherium_Wall.png?format=original,https://terraria.wiki.gg/images/Aetherium_Wall_%28placed%29.png?format=original,https://terraria.wiki.gg/images/Aetherium_Wall_%28placed%29.png?format=original,images/walls/inventory/553_aetherium_wall_inventory.png,images/walls/world/553_aetherium_wall_world.png,images/walls/color/553_aetherium_wall_color.png,ok,,False,https://terraria.wiki.gg/images/c/c4/Aetherium_Wall_%28placed%29.png?format=original,33,13,inserted,567
554,Silly Green Balloon Wall,Silly Green Balloon Wall,Decorative Walls,https://terraria.wiki.gg/wiki/Silly_Balloon_Walls,3762,230,"[{""wall_id"": 230, ""is_safe"": 1, ""internal_name"": ""SillyBalloonGreenWall"", ""name"": ""Silly Green Balloon Wall"", ""page_url"": ""https://terraria.wiki.gg/wiki/Silly_Balloon_Walls"", ""world_image_url"": ""https://terraria.wiki.gg/images/Silly_Green_Balloon_Wall_%28placed%29.png?format=original""}]",https://terraria.wiki.gg/images/Silly_Green_Balloon_Wall.png?format=original,https://terraria.wiki.gg/images/Silly_Green_Balloon_Wall_%28placed%29.png?format=original,https://terraria.wiki.gg/images/Silly_Green_Balloon_Wall_%28placed%29.png?format=original,images/walls/inventory/554_silly_green_balloon_wall_inventory.png,images/walls/world/554_silly_green_balloon_wall_world.png,images/walls/color/554_silly_green_balloon_wall_color.png,ok,,True,https://terraria.wiki.gg/images/e/ee/Silly_Green_Balloon_Wall_%28placed%29.png?format=original,33,25,inserted,568
555,Luminite Brick Wall,Luminite Brick Wall,Metal Walls,https://terraria.wiki.gg/wiki/Luminite_Brick_Wall,3472,224,"[{""wall_id"": 224, ""is_safe"": 1, ""internal_name"": ""LunarBrickWall"", ""name"": ""Luminite Brick Wall"", ""page_url"": ""https://terraria.wiki.gg/wiki/Luminite_Brick_Wall"", ""world_image_url"": ""https://terraria.wiki.gg/images/Luminite_Brick_Wall_%28placed%29.png?format=original""}]",https://terraria.wiki.gg/images/Luminite_Brick_Wall.png?format=original,https://terraria.wiki.gg/images/Luminite_Brick_Wall_%28placed%29.png?format=original,https://terraria.wiki.gg/images/Luminite_Brick_Wall_%28placed%29.png?format=original,images/walls/inventory/555_luminite_brick_wall_inventory.png,images/walls/world/555_luminite_brick_wall_world.png,images/walls/color/555_luminite_brick_wall_color.png,ok,,False,https://terraria.wiki.gg/images/2/2f/Luminite_Brick_Wall_%28placed%29.png?format=original,33,29,inserted,569
556,Hardened Crimsand Wall,Hardened Crimsand Wall,Soil Walls,https://terraria.wiki.gg/wiki/Hardened_Sand_Walls,3342,306,"[{""wall_id"": 218, ""is_safe"": 0, ""internal_name"": ""CrimsonHardenedSand"", ""name"": ""Hardened Crimsand Wall"", ""page_url"": ""https://terraria.wiki.gg/wiki/Hardened_Sand_Walls"", ""world_image_url"": ""https://terraria.wiki.gg/images/Hardened_Crimsand_Wall_%28placed%29.png?format=original""}, {""wall_id"": 306, ""is_safe"": 1, ""internal_name"": ""CrimsonHardenedSandEcho"", ""name"": ""Hardened Crimsand Wall"", ""page_url"": ""https://terraria.wiki.gg/wiki/Hardened_Crimsand_Wall"", ""world_image_url"": ""https://terraria.wiki.gg/images/Hardened_Crimsand_Wall_%28placed%29.png?format=original""}]",https://terraria.wiki.gg/images/Hardened_Crimsand_Wall.png?format=original,https://terraria.wiki.gg/images/Hardened_Crimsand_Wall_%28placed%29.png?format=original,https://terraria.wiki.gg/images/Hardened_Crimsand_Wall_%28placed%29.png?format=original,images/walls/inventory/556_hardened_crimsand_wall_inventory.png,images/walls/world/556_hardened_crimsand_wall_world.png,images/walls/color/556_hardened_crimsand_wall_color.png,ok,,True,https://terraria.wiki.gg/images/4/41/Hardened_Crimsand_Wall_%28placed%29.png?format=original,34,1,inserted,570
557,Aetherium Brick Wall,Aetherium Brick Wall,Stone Walls,https://terraria.wiki.gg/wiki/Aetherium_Brick_Wall,5399,322,"[{""wall_id"": 322, ""is_safe"": 1, ""internal_name"": ""ShimmerBrickWall"", ""name"": ""Aetherium Brick Wall"", ""page_url"": ""https://terraria.wiki.gg/wiki/Aetherium_Brick_Wall"", ""world_image_url"": ""https://terraria.wiki.gg/images/Aetherium_Brick_Wall_%28placed%29.png?format=original""}]",https://terraria.wiki.gg/images/Aetherium_Brick_Wall.png?format=original,https://terraria.wiki.gg/images/Aetherium_Brick_Wall_%28placed%29.png?format=original,https://terraria.wiki.gg/images/Aetherium_Brick_Wall_%28placed%29.png?format=original,images/walls/inventory/557_aetherium_brick_wall_inventory.png,images/walls/world/557_aetherium_brick_wall_world.png,images/walls/color/557_aetherium_brick_wall_color.png,ok,,False,https://terraria.wiki.gg/images/6/67/Aetherium_Brick_Wall_%28placed%29.png?format=original,34,13,inserted,571
558,Echo Wall,Echo Wall,Decorative Walls,https://terraria.wiki.gg/wiki/Echo_Wall,5291,318,"[{""wall_id"": 318, ""is_safe"": 1, ""internal_name"": ""EchoWall"", ""name"": ""Echo Wall"", ""page_url"": ""https://terraria.wiki.gg/wiki/Echo_Wall"", ""world_image_url"": ""https://terraria.wiki.gg/images/Echo_Wall_%28placed%29.png?format=original""}]",https://terraria.wiki.gg/images/Echo_Wall.png?format=original,https://terraria.wiki.gg/images/Echo_Wall_%28placed%29.png?format=original,https://terraria.wiki.gg/images/Echo_Wall_%28placed%29.png?format=original,images/walls/inventory/558_echo_wall_inventory.png,images/walls/world/558_echo_wall_world.png,images/walls/color/558_echo_wall_color.png,ok,,False,https://terraria.wiki.gg/images/6/68/Echo_Wall_%28placed%29.png?format=original,34,25,inserted,572
559,Lunar Rust Brick Wall,Lunar Rust Brick Wall,Metal Walls,https://terraria.wiki.gg/wiki/Lunar_Rust_Brick_Wall,5409,323,"[{""wall_id"": 323, ""is_safe"": 1, ""internal_name"": ""LunarRustBrickWall"", ""name"": ""Lunar Rust Brick Wall"", ""page_url"": ""https://terraria.wiki.gg/wiki/Lunar_Rust_Brick_Wall"", ""world_image_url"": ""https://terraria.wiki.gg/images/Lunar_Rust_Brick_Wall_%28placed%29.png?format=original""}]",https://terraria.wiki.gg/images/Lunar_Rust_Brick_Wall.png?format=original,https://terraria.wiki.gg/images/Lunar_Rust_Brick_Wall_%28placed%29.png?format=original,https://terraria.wiki.gg/images/Lunar_Rust_Brick_Wall_%28placed%29.png?format=original,images/walls/inventory/559_lunar_rust_brick_wall_inventory.png,images/walls/world/559_lunar_rust_brick_wall_world.png,images/walls/color/559_lunar_rust_brick_wall_color.png,ok,,False,https://terraria.wiki.gg/images/9/97/Lunar_Rust_Brick_Wall_%28placed%29.png?format=original,34,29,inserted,573
560,Pearlsandstone Wall,Pearlsandstone Wall,Soil Walls,https://terraria.wiki.gg/wiki/Sandstone_Walls,3346,310,"[{""wall_id"": 222, ""is_safe"": 0, ""internal_name"": ""HallowSandstone"", ""name"": ""Pearlsandstone Wall"", ""page_url"": ""https://terraria.wiki.gg/wiki/Sandstone_Walls"", ""world_image_url"": ""https://terraria.wiki.gg/images/Pearlsandstone_Wall_%28placed%29.png?format=original""}, {""wall_id"": 310, ""is_safe"": 1, ""internal_name"": ""HallowSandstoneEcho"", ""name"": ""Pearlsandstone Wall"", ""page_url"": ""https://terraria.wiki.gg/wiki/Pearlsandstone_Wall"", ""world_image_url"": ""https://terraria.wiki.gg/images/Pearlsandstone_Wall_%28placed%29.png?format=original""}]",https://terraria.wiki.gg/images/Pearlsandstone_Wall.png?format=original,https://terraria.wiki.gg/images/Pearlsandstone_Wall_%28placed%29.png?format=original,https://terraria.wiki.gg/images/Pearlsandstone_Wall_%28placed%29.png?format=original,images/walls/inventory/560_pearlsandstone_wall_inventory.png,images/walls/world/560_pearlsandstone_wall_world.png,images/walls/color/560_pearlsandstone_wall_color.png,ok,,True,https://terraria.wiki.gg/images/a/ad/Pearlsandstone_Wall_%28placed%29.png?format=original,35,1,inserted,574
561,Green Mossy Wall,Green Mossy Wall,Stone Walls,https://terraria.wiki.gg/wiki/Mossy_Walls,4496,256,"[{""wall_id"": 54, ""is_safe"": 0, ""internal_name"": ""CaveUnsafe"", ""name"": ""Green Mossy Wall"", ""page_url"": ""https://terraria.wiki.gg/wiki/Green_Mossy_Wall"", ""world_image_url"": ""https://terraria.wiki.gg/images/Green_Mossy_Wall_%28placed%29.png?format=original""}, {""wall_id"": 256, ""is_safe"": 1, ""internal_name"": ""Cave1Echo"", ""name"": ""Green Mossy Wall"", ""page_url"": ""https://terraria.wiki.gg/wiki/Green_Mossy_Wall"", ""world_image_url"": ""https://terraria.wiki.gg/images/Green_Mossy_Wall_%28placed%29.png?format=original""}]",https://terraria.wiki.gg/images/Green_Mossy_Wall.png?format=original,https://terraria.wiki.gg/images/Green_Mossy_Wall_%28placed%29.png?format=original,https://terraria.wiki.gg/images/Green_Mossy_Wall_%28placed%29.png?format=original,images/walls/inventory/561_green_mossy_wall_inventory.png,images/walls/world/561_green_mossy_wall_world.png,images/walls/color/561_green_mossy_wall_color.png,ok,,True,https://terraria.wiki.gg/images/e/ed/Green_Mossy_Wall_%28placed%29.png?format=original,35,13,inserted,575
562,Poo Wall,Poo Wall,Decorative Walls,https://terraria.wiki.gg/wiki/Poo_Wall,5396,320,"[{""wall_id"": 320, ""is_safe"": 1, ""internal_name"": ""PoopWall"", ""name"": ""Poo Wall"", ""page_url"": ""https://terraria.wiki.gg/wiki/Poo_Wall"", ""world_image_url"": ""https://terraria.wiki.gg/images/Poo_Wall_%28placed%29.png?format=original""}]",https://terraria.wiki.gg/images/Poo_Wall.png?format=original,https://terraria.wiki.gg/images/Poo_Wall_%28placed%29.png?format=original,https://terraria.wiki.gg/images/Poo_Wall_%28placed%29.png?format=original,images/walls/inventory/562_poo_wall_inventory.png,images/walls/world/562_poo_wall_world.png,images/walls/color/562_poo_wall_color.png,ok,,False,https://terraria.wiki.gg/images/0/02/Poo_Wall_%28placed%29.png?format=original,35,25,inserted,576
563,Dark Celestial Brick Wall,Dark Celestial Brick Wall,Metal Walls,https://terraria.wiki.gg/wiki/Dark_Celestial_Brick_Wall,5410,324,"[{""wall_id"": 324, ""is_safe"": 1, ""internal_name"": ""DarkCelestialBrickWall"", ""name"": ""Dark Celestial Brick Wall"", ""page_url"": ""https://terraria.wiki.gg/wiki/Dark_Celestial_Brick_Wall"", ""world_image_url"": ""https://terraria.wiki.gg/images/Dark_Celestial_Brick_Wall_%28placed%29.png?format=original""}]",https://terraria.wiki.gg/images/Dark_Celestial_Brick_Wall.png?format=original,https://terraria.wiki.gg/images/Dark_Celestial_Brick_Wall_%28placed%29.png?format=original,https://terraria.wiki.gg/images/Dark_Celestial_Brick_Wall_%28placed%29.png?format=original,images/walls/inventory/563_dark_celestial_brick_wall_inventory.png,images/walls/world/563_dark_celestial_brick_wall_world.png,images/walls/color/563_dark_celestial_brick_wall_color.png,ok,,False,https://terraria.wiki.gg/images/3/39/Dark_Celestial_Brick_Wall_%28placed%29.png?format=original,35,29,inserted,577
564,Hardened Pearlsand Wall,Hardened Pearlsand Wall,Soil Walls,https://terraria.wiki.gg/wiki/Hardened_Sand_Walls,3343,307,"[{""wall_id"": 219, ""is_safe"": 0, ""internal_name"": ""HallowHardenedSand"", ""name"": ""Hardened Pearlsand Wall"", ""page_url"": ""https://terraria.wiki.gg/wiki/Hardened_Sand_Walls"", ""world_image_url"": ""https://terraria.wiki.gg/images/Hardened_Pearlsand_Wall_%28placed%29.png?format=original""}, {""wall_id"": 307, ""is_safe"": 1, ""internal_name"": ""HallowHardenedSandEcho"", ""name"": ""Hardened Pearlsand Wall"", ""page_url"": ""https://terraria.wiki.gg/wiki/Hardened_Pearlsand_Wall"", ""world_image_url"": ""https://terraria.wiki.gg/images/Hardened_Pearlsand_Wall_%28placed%29.png?format=original""}]",https://terraria.wiki.gg/images/Hardened_Pearlsand_Wall.png?format=original,https://terraria.wiki.gg/images/Hardened_Pearlsand_Wall_%28placed%29.png?format=original,https://terraria.wiki.gg/images/Hardened_Pearlsand_Wall_%28placed%29.png?format=original,images/walls/inventory/564_hardened_pearlsand_wall_inventory.png,images/walls/world/564_hardened_pearlsand_wall_world.png,images/walls/color/564_hardened_pearlsand_wall_color.png,ok,,True,https://terraria.wiki.gg/images/1/17/Hardened_Pearlsand_Wall_%28placed%29.png?format=original,36,1,inserted,578
565,Brown Mossy Wall,Brown Mossy Wall,Stone Walls,https://terraria.wiki.gg/wiki/Mossy_Walls,4497,257,"[{""wall_id"": 55, ""is_safe"": 0, ""internal_name"": ""Cave2Unsafe"", ""name"": ""Brown Mossy Wall"", ""page_url"": ""https://terraria.wiki.gg/wiki/Brown_Mossy_Wall"", ""world_image_url"": ""https://terraria.wiki.gg/images/Brown_Mossy_Wall_%28placed%29.png?format=original""}, {""wall_id"": 257, ""is_safe"": 1, ""internal_name"": ""Cave2Echo"", ""name"": ""Brown Mossy Wall"", ""page_url"": ""https://terraria.wiki.gg/wiki/Brown_Mossy_Wall"", ""world_image_url"": ""https://terraria.wiki.gg/images/Brown_Mossy_Wall_%28placed%29.png?format=original""}]",https://terraria.wiki.gg/images/Brown_Mossy_Wall.png?format=original,https://terraria.wiki.gg/images/Brown_Mossy_Wall_%28placed%29.png?format=original,https://terraria.wiki.gg/images/Brown_Mossy_Wall_%28placed%29.png?format=original,images/walls/inventory/565_brown_mossy_wall_inventory.png,images/walls/world/565_brown_mossy_wall_world.png,images/walls/color/565_brown_mossy_wall_color.png,ok,,True,https://terraria.wiki.gg/images/1/11/Brown_Mossy_Wall_%28placed%29.png?format=original,36,13,inserted,579
566,Waterfall Wall,Waterfall Wall,Decorative Walls,https://terraria.wiki.gg/wiki/Waterfall_Wall,2169,136,"[{""wall_id"": 136, ""is_safe"": 1, ""internal_name"": ""Waterfall"", ""name"": ""Waterfall Wall"", ""page_url"": ""https://terraria.wiki.gg/wiki/Waterfall_Wall"", ""world_image_url"": ""https://terraria.wiki.gg/images/Waterfall_Wall_%28placed%29.gif?format=original""}]",https://terraria.wiki.gg/images/Waterfall_Wall.png?format=original,https://terraria.wiki.gg/images/Waterfall_Wall_%28placed%29.gif?format=original,https://terraria.wiki.gg/images/Waterfall_Wall_%28placed%29.gif?format=original,images/walls/inventory/566_waterfall_wall_inventory.png,images/walls/world/566_waterfall_wall_world.gif,images/walls/color/566_waterfall_wall_color.gif,ok,,False,https://terraria.wiki.gg/images/4/42/Waterfall_Wall_%28placed%29.gif?format=original,36,25,inserted,580
567,Astra Brick Wall,Astra Brick Wall,Metal Walls,https://terraria.wiki.gg/wiki/Astra_Brick_Wall,5411,325,"[{""wall_id"": 325, ""is_safe"": 1, ""internal_name"": ""AstraBrickWall"", ""name"": ""Astra Brick Wall"", ""page_url"": ""https://terraria.wiki.gg/wiki/Astra_Brick_Wall"", ""world_image_url"": ""https://terraria.wiki.gg/images/Astra_Brick_Wall_%28placed%29.png?format=original""}]",https://terraria.wiki.gg/images/Astra_Brick_Wall.png?format=original,https://terraria.wiki.gg/images/Astra_Brick_Wall_%28placed%29.png?format=original,https://terraria.wiki.gg/images/Astra_Brick_Wall_%28placed%29.png?format=original,images/walls/inventory/567_astra_brick_wall_inventory.png,images/walls/world/567_astra_brick_wall_world.png,images/walls/color/567_astra_brick_wall_color.png,ok,,False,https://terraria.wiki.gg/images/4/42/Astra_Brick_Wall_%28placed%29.png?format=original,36,29,inserted,581
568,Red Mossy Wall,Red Mossy Wall,Stone Walls,https://terraria.wiki.gg/wiki/Mossy_Walls,4498,258,"[{""wall_id"": 56, ""is_safe"": 0, ""internal_name"": ""Cave3Unsafe"", ""name"": ""Red Mossy Wall"", ""page_url"": ""https://terraria.wiki.gg/wiki/Red_Mossy_Wall"", ""world_image_url"": ""https://terraria.wiki.gg/images/Red_Mossy_Wall_%28placed%29.png?format=original""}, {""wall_id"": 258, ""is_safe"": 1, ""internal_name"": ""Cave3Echo"", ""name"": ""Red Mossy Wall"", ""page_url"": ""https://terraria.wiki.gg/wiki/Red_Mossy_Wall"", ""world_image_url"": ""https://terraria.wiki.gg/images/Red_Mossy_Wall_%28placed%29.png?format=original""}]",https://terraria.wiki.gg/images/Red_Mossy_Wall.png?format=original,https://terraria.wiki.gg/images/Red_Mossy_Wall_%28placed%29.png?format=original,https://terraria.wiki.gg/images/Red_Mossy_Wall_%28placed%29.png?format=original,images/walls/inventory/568_red_mossy_wall_inventory.png,images/walls/world/568_red_mossy_wall_world.png,images/walls/color/568_red_mossy_wall_color.png,ok,,True,https://terraria.wiki.gg/images/7/70/Red_Mossy_Wall_%28placed%29.png?format=original,37,13,inserted,582
569,Lavafall Wall,Lavafall Wall,Decorative Walls,https://terraria.wiki.gg/wiki/Lavafall_Wall,2170,137,"[{""wall_id"": 137, ""is_safe"": 1, ""internal_name"": ""Lavafall"", ""name"": ""Lavafall Wall"", ""page_url"": ""https://terraria.wiki.gg/wiki/Lavafall_Wall"", ""world_image_url"": ""https://terraria.wiki.gg/images/Lavafall_Wall_%28placed%29.gif?format=original""}]",https://terraria.wiki.gg/images/Lavafall_Wall.png?format=original,https://terraria.wiki.gg/images/Lavafall_Wall_%28placed%29.gif?format=original,https://terraria.wiki.gg/images/Lavafall_Wall_%28placed%29.gif?format=original,images/walls/inventory/569_lavafall_wall_inventory.png,images/walls/world/569_lavafall_wall_world.gif,images/walls/color/569_lavafall_wall_color.gif,ok,,False,https://terraria.wiki.gg/images/2/2d/Lavafall_Wall_%28placed%29.gif?format=original,37,25,inserted,583
570,Cosmic Ember Brick Wall,Cosmic Ember Brick Wall,Metal Walls,https://terraria.wiki.gg/wiki/Cosmic_Ember_Brick_Wall,5412,326,"[{""wall_id"": 326, ""is_safe"": 1, ""internal_name"": ""CosmicEmberBrickWall"", ""name"": ""Cosmic Ember Brick Wall"", ""page_url"": ""https://terraria.wiki.gg/wiki/Cosmic_Ember_Brick_Wall"", ""world_image_url"": ""https://terraria.wiki.gg/images/Cosmic_Ember_Brick_Wall_%28placed%29.png?format=original""}]",https://terraria.wiki.gg/images/Cosmic_Ember_Brick_Wall.png?format=original,https://terraria.wiki.gg/images/Cosmic_Ember_Brick_Wall_%28placed%29.png?format=original,https://terraria.wiki.gg/images/Cosmic_Ember_Brick_Wall_%28placed%29.png?format=original,images/walls/inventory/570_cosmic_ember_brick_wall_inventory.png,images/walls/world/570_cosmic_ember_brick_wall_world.png,images/walls/color/570_cosmic_ember_brick_wall_color.png,ok,,False,https://terraria.wiki.gg/images/9/96/Cosmic_Ember_Brick_Wall_%28placed%29.png?format=original,37,29,inserted,584
571,Blue Mossy Wall,Blue Mossy Wall,Stone Walls,https://terraria.wiki.gg/wiki/Mossy_Walls,4499,259,"[{""wall_id"": 57, ""is_safe"": 0, ""internal_name"": ""Cave4Unsafe"", ""name"": ""Blue Mossy Wall"", ""page_url"": ""https://terraria.wiki.gg/wiki/Blue_Mossy_Wall"", ""world_image_url"": ""https://terraria.wiki.gg/images/Blue_Mossy_Wall_%28placed%29.png?format=original""}, {""wall_id"": 259, ""is_safe"": 1, ""internal_name"": ""Cave4Echo"", ""name"": ""Blue Mossy Wall"", ""page_url"": ""https://terraria.wiki.gg/wiki/Blue_Mossy_Wall"", ""world_image_url"": ""https://terraria.wiki.gg/images/Blue_Mossy_Wall_%28placed%29.png?format=original""}]",https://terraria.wiki.gg/images/Blue_Mossy_Wall.png?format=original,https://terraria.wiki.gg/images/Blue_Mossy_Wall_%28placed%29.png?format=original,https://terraria.wiki.gg/images/Blue_Mossy_Wall_%28placed%29.png?format=original,images/walls/inventory/571_blue_mossy_wall_inventory.png,images/walls/world/571_blue_mossy_wall_world.png,images/walls/color/571_blue_mossy_wall_color.png,ok,,True,https://terraria.wiki.gg/images/8/8c/Blue_Mossy_Wall_%28placed%29.png?format=original,38,13,inserted,585
572,Honeyfall Wall,Honeyfall Wall,Decorative Walls,https://terraria.wiki.gg/wiki/Honeyfall_Wall,2788,172,"[{""wall_id"": 172, ""is_safe"": 1, ""internal_name"": ""Honeyfall"", ""name"": ""Honeyfall Wall"", ""page_url"": ""https://terraria.wiki.gg/wiki/Honeyfall_Wall"", ""world_image_url"": ""https://terraria.wiki.gg/images/Honeyfall_Wall_%28placed%29.gif?format=original""}]",https://terraria.wiki.gg/images/Honeyfall_Wall.png?format=original,https://terraria.wiki.gg/images/Honeyfall_Wall_%28placed%29.gif?format=original,https://terraria.wiki.gg/images/Honeyfall_Wall_%28placed%29.gif?format=original,images/walls/inventory/572_honeyfall_wall_inventory.png,images/walls/world/572_honeyfall_wall_world.gif,images/walls/color/572_honeyfall_wall_color.gif,ok,,False,https://terraria.wiki.gg/images/0/07/Honeyfall_Wall_%28placed%29.gif?format=original,38,25,inserted,586
573,Cryocore Brick Wall,Cryocore Brick Wall,Metal Walls,https://terraria.wiki.gg/wiki/Cryocore_Brick_Wall,5413,327,"[{""wall_id"": 327, ""is_safe"": 1, ""internal_name"": ""CryocoreBrickWall"", ""name"": ""Cryocore Brick Wall"", ""page_url"": ""https://terraria.wiki.gg/wiki/Cryocore_Brick_Wall"", ""world_image_url"": ""https://terraria.wiki.gg/images/Cryocore_Brick_Wall_%28placed%29.png?format=original""}]",https://terraria.wiki.gg/images/Cryocore_Brick_Wall.png?format=original,https://terraria.wiki.gg/images/Cryocore_Brick_Wall_%28placed%29.png?format=original,https://terraria.wiki.gg/images/Cryocore_Brick_Wall_%28placed%29.png?format=original,images/walls/inventory/573_cryocore_brick_wall_inventory.png,images/walls/world/573_cryocore_brick_wall_world.png,images/walls/color/573_cryocore_brick_wall_color.png,ok,,False,https://terraria.wiki.gg/images/5/5b/Cryocore_Brick_Wall_%28placed%29.png?format=original,38,29,inserted,587
574,Purple Mossy Wall,Purple Mossy Wall,Stone Walls,https://terraria.wiki.gg/wiki/Mossy_Walls,4500,260,"[{""wall_id"": 58, ""is_safe"": 0, ""internal_name"": ""Cave5Unsafe"", ""name"": ""Purple Mossy Wall"", ""page_url"": ""https://terraria.wiki.gg/wiki/Purple_Mossy_Wall"", ""world_image_url"": ""https://terraria.wiki.gg/images/Purple_Mossy_Wall_%28placed%29.png?format=original""}, {""wall_id"": 260, ""is_safe"": 1, ""internal_name"": ""Cave5Echo"", ""name"": ""Purple Mossy Wall"", ""page_url"": ""https://terraria.wiki.gg/wiki/Purple_Mossy_Wall"", ""world_image_url"": ""https://terraria.wiki.gg/images/Purple_Mossy_Wall_%28placed%29.png?format=original""}]",https://terraria.wiki.gg/images/Purple_Mossy_Wall.png?format=original,https://terraria.wiki.gg/images/Purple_Mossy_Wall_%28placed%29.png?format=original,https://terraria.wiki.gg/images/Purple_Mossy_Wall_%28placed%29.png?format=original,images/walls/inventory/574_purple_mossy_wall_inventory.png,images/walls/world/574_purple_mossy_wall_world.png,images/walls/color/574_purple_mossy_wall_color.png,ok,,True,https://terraria.wiki.gg/images/1/16/Purple_Mossy_Wall_%28placed%29.png?format=original,39,13,inserted,588
575,Shimmerfall Wall,Shimmerfall Wall,Decorative Walls,https://terraria.wiki.gg/wiki/Shimmerfall_Wall,5494,347,"[{""wall_id"": 347, ""is_safe"": 1, ""internal_name"": ""Shimmerfall"", ""name"": ""Shimmerfall Wall"", ""page_url"": ""https://terraria.wiki.gg/wiki/Shimmerfall_Wall"", ""world_image_url"": ""https://terraria.wiki.gg/images/Shimmerfall_Wall_%28placed%29.gif?format=original""}]",https://terraria.wiki.gg/images/Shimmerfall_Wall.png?format=original,https://terraria.wiki.gg/images/Shimmerfall_Wall_%28placed%29.gif?format=original,https://terraria.wiki.gg/images/Shimmerfall_Wall_%28placed%29.gif?format=original,images/walls/inventory/575_shimmerfall_wall_inventory.png,images/walls/world/575_shimmerfall_wall_world.gif,images/walls/color/575_shimmerfall_wall_color.gif,ok,,False,https://terraria.wiki.gg/images/Shimmerfall_Wall_%28placed%29.gif?format=original,39,25,inserted,589
576,Mercury Brick Wall,Mercury Brick Wall,Metal Walls,https://terraria.wiki.gg/wiki/Mercury_Brick_Wall,5414,328,"[{""wall_id"": 328, ""is_safe"": 1, ""internal_name"": ""MercuryBrickWall"", ""name"": ""Mercury Brick Wall"", ""page_url"": ""https://terraria.wiki.gg/wiki/Mercury_Brick_Wall"", ""world_image_url"": ""https://terraria.wiki.gg/images/Mercury_Brick_Wall_%28placed%29.png?format=original""}]",https://terraria.wiki.gg/images/Mercury_Brick_Wall.png?format=original,https://terraria.wiki.gg/images/Mercury_Brick_Wall_%28placed%29.png?format=original,https://terraria.wiki.gg/images/Mercury_Brick_Wall_%28placed%29.png?format=original,images/walls/inventory/576_mercury_brick_wall_inventory.png,images/walls/world/576_mercury_brick_wall_world.png,images/walls/color/576_mercury_brick_wall_color.png,ok,,False,https://terraria.wiki.gg/images/c/cd/Mercury_Brick_Wall_%28placed%29.png?format=original,39,29,inserted,590
577,Sandfall Wall,Sandfall Wall,Decorative Walls,https://terraria.wiki.gg/wiki/Sandfall_Wall,3752,226,"[{""wall_id"": 226, ""is_safe"": 1, ""internal_name"": ""SandFall"", ""name"": ""Sandfall Wall"", ""page_url"": ""https://terraria.wiki.gg/wiki/Sandfall_Wall"", ""world_image_url"": ""https://terraria.wiki.gg/images/Sandfall_Wall_%28placed%29.gif?format=original""}]",https://terraria.wiki.gg/images/Sandfall_Wall.png?format=original,https://terraria.wiki.gg/images/Sandfall_Wall_%28placed%29.gif?format=original,https://terraria.wiki.gg/images/Sandfall_Wall_%28placed%29.gif?format=original,images/walls/inventory/577_sandfall_wall_inventory.png,images/walls/world/577_sandfall_wall_world.gif,images/walls/color/577_sandfall_wall_color.gif,ok,,False,https://terraria.wiki.gg/images/6/67/Sandfall_Wall_%28placed%29.gif?format=original,40,25,inserted,591
578,Star Royale Brick Wall,Star Royale Brick Wall,Metal Walls,https://terraria.wiki.gg/wiki/Star_Royale_Brick_Wall,5415,329,"[{""wall_id"": 329, ""is_safe"": 1, ""internal_name"": ""StarRoyaleBrickWall"", ""name"": ""Star Royale Brick Wall"", ""page_url"": ""https://terraria.wiki.gg/wiki/Star_Royale_Brick_Wall"", ""world_image_url"": ""https://terraria.wiki.gg/images/Star_Royale_Brick_Wall_%28placed%29.png?format=original""}]",https://terraria.wiki.gg/images/Star_Royale_Brick_Wall.png?format=original,https://terraria.wiki.gg/images/Star_Royale_Brick_Wall_%28placed%29.png?format=original,https://terraria.wiki.gg/images/Star_Royale_Brick_Wall_%28placed%29.png?format=original,images/walls/inventory/578_star_royale_brick_wall_inventory.png,images/walls/world/578_star_royale_brick_wall_world.png,images/walls/color/578_star_royale_brick_wall_color.png,ok,,False,https://terraria.wiki.gg/images/0/07/Star_Royale_Brick_Wall_%28placed%29.png?format=original,40,29,inserted,592
579,Snowfall Wall,Snowfall Wall,Decorative Walls,https://terraria.wiki.gg/wiki/Snowfall_Wall,3753,227,"[{""wall_id"": 227, ""is_safe"": 1, ""internal_name"": ""SnowFall"", ""name"": ""Snowfall Wall"", ""page_url"": ""https://terraria.wiki.gg/wiki/Snowfall_Wall"", ""world_image_url"": ""https://terraria.wiki.gg/images/Snowfall_Wall_%28placed%29.gif?format=original""}]",https://terraria.wiki.gg/images/Snowfall_Wall.png?format=original,https://terraria.wiki.gg/images/Snowfall_Wall_%28placed%29.gif?format=original,https://terraria.wiki.gg/images/Snowfall_Wall_%28placed%29.gif?format=original,images/walls/inventory/579_snowfall_wall_inventory.png,images/walls/world/579_snowfall_wall_world.gif,images/walls/color/579_snowfall_wall_color.gif,ok,,False,https://terraria.wiki.gg/images/7/70/Snowfall_Wall_%28placed%29.gif?format=original,41,25,inserted,593
580,Heavenforge Brick Wall,Heavenforge Brick Wall,Metal Walls,https://terraria.wiki.gg/wiki/Heavenforge_Brick_Wall,5416,330,"[{""wall_id"": 330, ""is_safe"": 1, ""internal_name"": ""HeavenforgeBrickWall"", ""name"": ""Heavenforge Brick Wall"", ""page_url"": ""https://terraria.wiki.gg/wiki/Heavenforge_Brick_Wall"", ""world_image_url"": ""https://terraria.wiki.gg/images/Heavenforge_Brick_Wall_%28placed%29.png?format=original""}]",https://terraria.wiki.gg/images/Heavenforge_Brick_Wall.png?format=original,https://terraria.wiki.gg/images/Heavenforge_Brick_Wall_%28placed%29.png?format=original,https://terraria.wiki.gg/images/Heavenforge_Brick_Wall_%28placed%29.png?format=original,images/walls/inventory/580_heavenforge_brick_wall_inventory.png,images/walls/world/580_heavenforge_brick_wall_world.png,images/walls/color/580_heavenforge_brick_wall_color.png,ok,,False,https://terraria.wiki.gg/images/d/d6/Heavenforge_Brick_Wall_%28placed%29.png?format=original,41,29,inserted,594
581,Confetti Wall,Confetti Wall,Decorative Walls,https://terraria.wiki.gg/wiki/Confetti_Wall,2696,168,"[{""wall_id"": 168, ""is_safe"": 1, ""internal_name"": ""Confetti"", ""name"": ""Confetti Wall"", ""page_url"": ""https://terraria.wiki.gg/wiki/Confetti_Wall"", ""world_image_url"": ""https://terraria.wiki.gg/images/Confetti_Wall_%28placed%29.gif?format=original""}]",https://terraria.wiki.gg/images/Confetti_Wall.png?format=original,https://terraria.wiki.gg/images/Confetti_Wall_%28placed%29.gif?format=original,https://terraria.wiki.gg/images/Confetti_Wall_%28placed%29.gif?format=original,images/walls/inventory/581_confetti_wall_inventory.png,images/walls/world/581_confetti_wall_world.gif,images/walls/color/581_confetti_wall_color.gif,ok,,False,https://terraria.wiki.gg/images/2/27/Confetti_Wall_%28placed%29.gif?format=original,42,25,inserted,595
582,Midnight Confetti Wall,Midnight Confetti Wall,Decorative Walls,https://terraria.wiki.gg/wiki/Midnight_Confetti_Wall,2698,169,"[{""wall_id"": 169, ""is_safe"": 1, ""internal_name"": ""ConfettiBlack"", ""name"": ""Midnight Confetti Wall"", ""page_url"": ""https://terraria.wiki.gg/wiki/Midnight_Confetti_Wall"", ""world_image_url"": ""https://terraria.wiki.gg/images/Midnight_Confetti_Wall_%28placed%29.gif?format=original""}]",https://terraria.wiki.gg/images/Midnight_Confetti_Wall.png?format=original,https://terraria.wiki.gg/images/Midnight_Confetti_Wall_%28placed%29.gif?format=original,https://terraria.wiki.gg/images/Midnight_Confetti_Wall_%28placed%29.gif?format=original,images/walls/inventory/582_midnight_confetti_wall_inventory.png,images/walls/world/582_midnight_confetti_wall_world.gif,images/walls/color/582_midnight_confetti_wall_color.gif,ok,,False,https://terraria.wiki.gg/images/e/e1/Midnight_Confetti_Wall_%28placed%29.gif?format=original,43,25,inserted,596
583,Gold Starry Wall,Gold Starry Wall,Decorative Walls,https://terraria.wiki.gg/wiki/Gold_Starry_Wall,4279,242,"[{""wall_id"": 242, ""is_safe"": 1, ""internal_name"": ""GoldStarryGlassWall"", ""name"": ""Gold Starry Wall"", ""page_url"": ""https://terraria.wiki.gg/wiki/Gold_Starry_Wall"", ""world_image_url"": ""https://terraria.wiki.gg/images/Gold_Starry_Wall_%28placed%29.gif?format=original""}]",https://terraria.wiki.gg/images/Gold_Starry_Wall.png?format=original,https://terraria.wiki.gg/images/Gold_Starry_Wall_%28placed%29.gif?format=original,https://terraria.wiki.gg/images/Gold_Starry_Wall_%28placed%29.gif?format=original,images/walls/inventory/583_gold_starry_wall_inventory.png,images/walls/world/583_gold_starry_wall_world.gif,images/walls/color/583_gold_starry_wall_color.gif,ok,,False,https://terraria.wiki.gg/images/5/55/Gold_Starry_Wall_%28placed%29.gif?format=original,44,25,inserted,597
584,Blue Starry Wall,Blue Starry Wall,Decorative Walls,https://terraria.wiki.gg/wiki/Blue_Starry_Wall,4280,243,"[{""wall_id"": 243, ""is_safe"": 1, ""internal_name"": ""BlueStarryGlassWall"", ""name"": ""Blue Starry Wall"", ""page_url"": ""https://terraria.wiki.gg/wiki/Blue_Starry_Wall"", ""world_image_url"": ""https://terraria.wiki.gg/images/Blue_Starry_Wall_%28placed%29.gif?format=original""}]",https://terraria.wiki.gg/images/Blue_Starry_Wall.png?format=original,https://terraria.wiki.gg/images/Blue_Starry_Wall_%28placed%29.gif?format=original,https://terraria.wiki.gg/images/Blue_Starry_Wall_%28placed%29.gif?format=original,images/walls/inventory/584_blue_starry_wall_inventory.png,images/walls/world/584_blue_starry_wall_world.gif,images/walls/color/584_blue_starry_wall_color.gif,ok,,False,https://terraria.wiki.gg/images/6/68/Blue_Starry_Wall_%28placed%29.gif?format=original,45,25,inserted,598
